actionId,categoryIds,statement,statementKo,sortOrder,kind,addedOn
t1-01,c1-inquiry,電話で問い合わせを受け付けられる,전화로 문의를 접수할 수 있다,1,practice,2026-07-23
t1-02,c1-inquiry,メールで問い合わせを受け付けられる,메일로 문의를 접수할 수 있다,2,practice,2026-07-23
t1-03,c1-inquiry,チャットツールで問い合わせを受け付けられる,채팅 도구로 문의를 접수할 수 있다,3,practice,2026-07-23
t1-04,c1-inquiry,問い合わせ内容を正確に聞き取れる,문의 내용을 정확히 청취할 수 있다,4,practice,2026-07-23
t1-05,c1-inquiry,聞き取った内容を復唱して認識合わせができる,청취한 내용을 복창해 인식을 맞출 수 있다,5,practice,2026-07-23
t1-06,c1-inquiry,問い合わせの要点を整理できる,문의의 요점을 정리할 수 있다,6,practice,2026-07-23
t1-07,c1-inquiry,よくある問い合わせの種類を説明できる,자주 오는 문의의 종류를 설명할 수 있다,7,knowledge,2026-07-23
t1-08,c1-inquiry,問い合わせごとの引き継ぎ先を説明できる,문의별 인계처를 설명할 수 있다,8,knowledge,2026-07-23
t1-09,c1-inquiry,FAQ・ナレッジを検索して回答を探せる,FAQ·지식베이스를 검색해 답을 찾을 수 있다,9,practice,2026-07-23
t1-10,c1-inquiry,定型的な問い合わせに手順書に沿って回答できる,정형적인 문의에 절차서에 따라 회답할 수 있다,10,practice,2026-07-23
t1-11,c1-inquiry,自分で対応できない問い合わせを見分けられる,스스로 대응할 수 없는 문의를 분별할 수 있다,11,knowledge,2026-07-23
t1-12,c1-inquiry,対応できない問い合わせを担当者へ引き継げる,대응할 수 없는 문의를 담당자에게 인계할 수 있다,12,practice,2026-07-23
t1-13,c1-inquiry,問い合わせの受付から完了までの流れを説明できる,문의 접수부터 완료까지의 흐름을 설명할 수 있다,13,knowledge,2026-07-23
t1-14,c1-inquiry,対応の優先順位のルールを説明できる,대응 우선순위 룰을 설명할 수 있다,14,knowledge,2026-07-23
t1-15,c1-inquiry,問い合わせ時に必要な情報（利用者・対象システム・発生時刻など）を確認できる,문의 시 필요한 정보(이용자·대상 시스템·발생 시각 등)를 확인할 수 있다,15,practice,2026-07-23
t1-16,c1-inquiry,問い合わせを所定の受付システムへ登録できる,문의를 정해진 접수 시스템에 등록할 수 있다,16,practice,2026-07-23
t1-17,c1-inquiry,問い合わせの担当者と対応状況を更新できる,문의의 담당자와 대응 상황을 갱신할 수 있다,17,practice,2026-07-23
t1-18,c1-inquiry,利用者へ対応完了を連絡できる,이용자에게 대응 완료를 연락할 수 있다,18,practice,2026-07-23
tg-01,c1-triage,問い合わせを、操作質問・サービス要求・障害のいずれかに分類できる,문의를 조작 질문·서비스 요청·장애 중 하나로 분류할 수 있다,1,practice,2026-07-23
tg-02,c1-triage,エラーメッセージや画面表示を省略せず記録できる,에러 메시지나 화면 표시를 생략 없이 기록할 수 있다,2,practice,2026-07-23
tg-03,c1-triage,現象が再現するか確認できる,현상이 재현되는지 확인할 수 있다,3,practice,2026-07-23
tg-04,c1-triage,同じ現象が複数の利用者・端末で発生しているか確認できる,같은 현상이 여러 이용자·단말에서 발생하는지 확인할 수 있다,4,practice,2026-07-23
tg-05,c1-triage,発生前に行われた変更や操作を確認できる,발생 전에 이루어진 변경이나 조작을 확인할 수 있다,5,practice,2026-07-23
tg-06,c1-triage,FAQ・手順書に沿って定型的な確認を実施できる,FAQ·절차서에 따라 정형적인 확인을 수행할 수 있다,6,practice,2026-07-23
tg-07,c1-triage,問い合わせに対して、FAQ・手順書に定められた範囲の復旧操作を実施できる,문의에 대해 FAQ·절차서에 정해진 범위의 복구 조작을 수행할 수 있다,7,practice,2026-07-23
tg-08,c1-triage,利用者に現象が解消したか確認できる,이용자에게 현상이 해소되었는지 확인할 수 있다,8,practice,2026-07-23
tg-09,c1-triage,一次切り分けで確認する観点（再現性・影響範囲・直前の変更）を挙げられる,1차 절분에서 확인하는 관점(재현성·영향 범위·직전 변경)을 열거할 수 있다,9,knowledge,2026-08-06
t2-01,c1-reporting,対応内容を決められた形式で記録できる,대응 내용을 정해진 형식으로 기록할 수 있다,1,practice,2026-07-23
t2-02,c1-reporting,作業結果を記録できる,작업 결과를 기록할 수 있다,2,practice,2026-07-23
t2-03,c1-reporting,作業ログを時系列で残せる,작업 로그를 시계열로 남길 수 있다,3,practice,2026-07-23
t2-04,c1-reporting,作業結果を口頭で報告できる,작업 결과를 구두로 보고할 수 있다,4,practice,2026-07-23
t2-05,c1-reporting,作業結果を文書（メール・チケット）で報告できる,작업 결과를 문서(메일·티켓)로 보고할 수 있다,5,practice,2026-07-23
t2-06,c1-reporting,進行中の状況を関係者へ連絡できる,진행 중 상황을 관계자에게 연락할 수 있다,6,practice,2026-07-23
t2-07,c1-reporting,判断に迷う点を上位者へ相談できる,판단이 어려운 점을 상급자에게 상담할 수 있다,7,practice,2026-07-23
t2-08,c1-reporting,即時報告すべき事象（報告のタイミング）を挙げられる,즉시 보고해야 할 현상(보고 타이밍)을 들 수 있다,8,knowledge,2026-07-23
t2-09,c1-reporting,第三者が読んで分かる形で文書化できる,제3자가 읽고 알 수 있는 형태로 문서화할 수 있다,9,practice,2026-07-23
t2-10,c1-reporting,引き継ぎに必要な情報（事象・時刻・実施内容）を整理できる,인계에 필요한 정보(현상·시각·수행 내용)를 정리할 수 있다,10,practice,2026-07-23
t2-11,c1-reporting,勤務交代時の引き継ぎができる,근무 교대 시 인계를 할 수 있다,11,practice,2026-07-23
t2-12,c1-reporting,宛先・敬語・件名など定められた形式で連絡できる,수신인·경어·제목 등 정해진 형식으로 연락할 수 있다,12,practice,2026-07-23
t2-13,c1-reporting,事実と推測を区別して記録できる,사실과 추측을 구분해 기록할 수 있다,13,practice,2026-07-23
t2-14,c1-reporting,引き継ぎ時に未対応事項・次の対応・期限を整理できる,인계 시 미대응 사항·다음 대응·기한을 정리할 수 있다,14,practice,2026-07-23
t2-15,c1-reporting,第三者が読んで分かる記録に必要な要素を挙げられる,,15,knowledge,2026-08-07
t2-16,c1-reporting,報告の手段（口頭・メール・チケット）を使い分ける基準を説明できる,,16,knowledge,2026-08-07
t3-01,c1-procedure,手順書を読んで作業の流れを把握できる,절차서를 읽고 작업 흐름을 파악할 수 있다,1,knowledge,2026-07-23
t3-02,c1-procedure,手順書どおりに作業を実施できる,절차서대로 작업을 수행할 수 있다,2,practice,2026-07-23
t3-03,c1-procedure,作業結果が手順書の想定どおりか確認できる,작업 결과가 절차서의 예상대로인지 확인할 수 있다,3,practice,2026-07-23
t3-04,c1-procedure,手順と実際の状況が異なるとき、作業を止めて確認できる,절차와 실제 상황이 다를 때 작업을 멈추고 확인할 수 있다,4,practice,2026-07-23
t3-05,c1-procedure,チェックシートで作業漏れを確認できる,체크시트로 작업 누락을 확인할 수 있다,5,practice,2026-07-23
t3-06,c1-procedure,ダブルチェックが必要な作業を判断し、依頼できる,더블체크가 필요한 작업을 판단하고 의뢰할 수 있다,6,practice,2026-07-23
t3-07,c1-procedure,手順書や作業計画に定められた時間内に定型作業を完了できる,절차서나 작업 계획에 정해진 시간 안에 정형 작업을 완료할 수 있다,7,practice,2026-07-23
t3-08,c1-procedure,手順書の誤りや分かりにくい箇所に気づいて報告できる,절차서의 오류나 이해하기 어려운 부분을 알아채고 보고할 수 있다,8,practice,2026-07-23
t3-09,c1-procedure,作業前に対象システム・対象環境を確認できる,작업 전에 대상 시스템·대상 환경을 확인할 수 있다,9,practice,2026-07-23
t3-10,c1-procedure,作業前に使用する手順書の版を確認できる,작업 전에 사용할 절차서의 버전을 확인할 수 있다,10,practice,2026-07-23
t3-11,c1-procedure,作業前に必要な承認が得られているか確認できる,작업 전에 필요한 승인이 이루어졌는지 확인할 수 있다,11,practice,2026-07-23
t3-12,c1-procedure,手順書で定められた作業証跡（ログ・画面キャプチャ等）を残せる,절차서에 정해진 작업 증적(로그·화면 캡처 등)을 남길 수 있다,12,practice,2026-07-30
t3-13,c1-procedure,作業前に確認すべき項目（対象システム・手順書の版・承認）を挙げられる,,13,knowledge,2026-08-07
t3-14,c1-procedure,ダブルチェックが必要になる作業の条件を説明できる,,14,knowledge,2026-08-07
op-01,c1-operations,当日の作業スケジュールと担当作業を確認できる,당일 작업 스케줄과 담당 작업을 확인할 수 있다,1,practice,2026-07-23
op-02,c1-operations,手順書に沿って定型ジョブ・バッチを実行できる,절차서에 따라 정형 잡·배치를 실행할 수 있다,2,practice,2026-07-23
op-03,c1-operations,ジョブ・バッチの実行結果を所定の形式で記録できる,잡·배치의 실행 결과를 정해진 형식으로 기록할 수 있다,3,practice,2026-07-23
op-04,c1-operations,手順書に沿ってバックアップを実行できる,절차서에 따라 백업을 실행할 수 있다,4,practice,2026-07-23
op-05,c1-operations,バックアップの成功・失敗を確認できる,백업의 성공·실패를 확인할 수 있다,5,practice,2026-07-23
op-06,c1-operations,手順書に沿って定型的なファイル転送・データ受け渡しを実施できる,절차서에 따라 정형적인 파일 전송·데이터 전달을 수행할 수 있다,6,practice,2026-07-23
op-07,c1-operations,定常作業の未実施・遅延・失敗に気づいて報告できる,정기 작업의 미실시·지연·실패를 알아채고 보고할 수 있다,7,practice,2026-07-23
op-08,c1-operations,担当するジョブ・バッチが何を処理しているかを説明できる,담당하는 잡·배치가 무엇을 처리하는지 설명할 수 있다,8,knowledge,2026-08-06
op-09,c1-operations,バックアップが失敗したまま放置された場合の影響を説明できる,백업이 실패한 채 방치됐을 때의 영향을 설명할 수 있다,9,knowledge,2026-08-06
t4-01,c1-account,アカウント管理の基本的な仕組みを説明できる,계정 관리의 기본 구조를 설명할 수 있다,1,knowledge,2026-07-23
t4-02,c1-account,手順書に沿ってアカウントを登録できる,절차서에 따라 계정을 등록할 수 있다,2,practice,2026-07-23
t4-03,c1-account,手順書に沿ってアカウントを変更できる,절차서에 따라 계정을 변경할 수 있다,3,practice,2026-07-23
t4-04,c1-account,手順書に沿ってアカウントを無効化できる,절차서에 따라 계정을 무효화할 수 있다,4,practice,2026-07-23
t4-12,c1-account,手順書に沿ってアカウントを削除できる,절차서에 따라 계정을 삭제할 수 있다,5,practice,2026-08-04
t4-05,c1-account,本人確認の手順に沿ってパスワードリセットの対応ができる,본인 확인 절차에 따라 비밀번호 리셋 대응을 할 수 있다,6,practice,2026-07-23
t4-06,c1-account,権限申請の流れを説明できる,권한 신청의 흐름을 설명할 수 있다,7,knowledge,2026-07-23
t4-07,c1-account,本人確認のルールを説明できる,본인 확인 룰을 설명할 수 있다,8,knowledge,2026-07-23
t4-08,c1-account,アカウント作業の前に、申請内容と承認の有無を確認できる,계정 작업 전에 신청 내용과 승인 여부를 확인할 수 있다,9,practice,2026-07-23
t4-09,c1-account,手順書に沿ってアカウントのロックを解除できる,절차서에 따라 계정 잠금을 해제할 수 있다,10,practice,2026-07-23
t4-10,c1-account,変更後のアカウント状態・権限を確認できる,변경 후 계정 상태·권한을 확인할 수 있다,11,practice,2026-07-23
t4-11,c1-account,認証情報を定められた方法で利用者へ受け渡せる,인증 정보를 정해진 방법으로 이용자에게 전달할 수 있다,12,practice,2026-07-23
t5-01,c1-device,PCの初期設定（キッティング）を手順書に沿って実施できる,PC 초기 설정(키팅)을 절차서에 따라 수행할 수 있다,1,practice,2026-07-23
t5-02,c1-device,周辺機器を接続できる,주변기기를 연결할 수 있다,2,practice,2026-07-23
t5-03,c1-device,周辺機器の設定ができる,주변기기의 설정을 할 수 있다,3,practice,2026-07-23
t5-04,c1-device,承認されたソフトウェアを手順書に沿ってインストールできる,승인된 소프트웨어를 절차서에 따라 설치할 수 있다,4,practice,2026-07-23
t5-05,c1-device,承認された更新プログラムを手順書に沿って適用できる,승인된 업데이트 프로그램을 절차서에 따라 적용할 수 있다,5,practice,2026-07-23
t5-06,c1-device,設定後に動作確認ができる,설정 후 동작 확인을 할 수 있다,6,practice,2026-07-23
t5-07,c1-device,設定の不備や故障に気づける,설정 미비나 고장을 알아챌 수 있다,7,practice,2026-07-23
t5-08,c1-device,資産管理台帳を更新できる,자산 관리 대장을 갱신할 수 있다,8,practice,2026-07-23
t5-09,c1-device,端末の回収（返却・保管）の対応ができる,단말 회수(반납·보관) 대응을 할 수 있다,9,practice,2026-07-23
t5-10,c1-device,端末の初期化（データ消去）を手順書に沿って実施できる,단말 초기화(데이터 소거)를 절차서에 따라 수행할 수 있다,10,practice,2026-07-23
t5-15,c1-device,データ消去の実施結果を記録できる,데이터 소거의 실시 결과를 기록할 수 있다,11,practice,2026-08-04
t5-11,c1-device,資産番号と実機を照合できる,자산번호와 실제 단말을 대조할 수 있다,12,practice,2026-07-23
t5-12,c1-device,セキュリティ設定や必須ソフトの適用状態を確認できる,보안 설정과 필수 소프트웨어의 적용 상태를 확인할 수 있다,13,practice,2026-07-23
t5-13,c1-device,端末を指定されたネットワークへ接続できる,단말을 지정된 네트워크에 연결할 수 있다,14,practice,2026-07-23
t5-14,c1-device,端末の貸出・返却履歴を記録できる,단말의 대여·반납 이력을 기록할 수 있다,15,practice,2026-07-23
t5-16,c1-device,資産管理台帳で管理する項目を挙げられる,자산 관리 대장에서 관리하는 항목을 열거할 수 있다,16,knowledge,2026-08-06
t5-17,c1-device,端末の貸出から返却・初期化までの流れを説明できる,단말의 대여부터 반납·초기화까지의 흐름을 설명할 수 있다,17,knowledge,2026-08-06
t6-01,c1-monitoring,監視の仕組み（何を・どう監視しているか）を大まかに説明できる,감시 구조(무엇을·어떻게 감시하는지)를 대략 설명할 수 있다,1,knowledge,2026-07-23
t6-02,c1-monitoring,監視画面の見方を説明できる,감시 화면 보는 법을 설명할 수 있다,2,knowledge,2026-07-23
t6-03,c1-monitoring,アラート・通知の発生に気づける,알람·통지 발생을 알아챌 수 있다,3,practice,2026-07-23
t6-04,c1-monitoring,アラートの種類（重要度）を見分けられる,알람의 종류(중요도)를 분별할 수 있다,4,knowledge,2026-07-23
t6-05,c1-monitoring,サーバーやネットワーク機器・サービスの稼働状態を画面で確認できる,서버·네트워크 기기·서비스의 가동 상태를 화면에서 확인할 수 있다,5,practice,2026-07-23
t6-06,c1-monitoring,ジョブ・バッチの実行結果を確認できる,잡·배치 실행 결과를 확인할 수 있다,6,practice,2026-07-23
t6-07,c1-monitoring,決められた時刻の定時点検を実施できる,정해진 시각의 정시 점검을 수행할 수 있다,7,practice,2026-07-23
t6-08,c1-monitoring,機器の目視点検（ランプ・状態表示）ができる,기기의 목시 점검(램프·상태 표시)을 할 수 있다,8,practice,2026-07-23
t6-09,c1-monitoring,異常時に決められた連絡先へ第一報を入れられる,이상 시 정해진 연락처에 제1보를 넣을 수 있다,9,practice,2026-07-23
t6-13,c1-monitoring,監視画面でCPU・メモリ・ディスク・ネットワークの使用状況を確認できる,감시 화면에서 CPU·메모리·디스크·네트워크 사용 상황을 확인할 수 있다,10,practice,2026-07-23
t6-14,c1-monitoring,ログ監視の結果から、アラートの有無と対象のログを確認できる,로그 감시 결과에서 알람 유무와 대상 로그를 확인할 수 있다,11,practice,2026-07-23
t7-01,c1-itbasics,サーバー・OSの基本用語を説明できる,서버·OS의 기본 용어를 설명할 수 있다,1,knowledge,2026-07-23
t7-02,c1-itbasics,ネットワークの基本用語（IP・DNSなど）を説明できる,네트워크 기본 용어(IP·DNS 등)를 설명할 수 있다,2,knowledge,2026-07-23
t7-03,c1-itbasics,担当システムの構成の概要を説明できる,담당 시스템 구성의 개요를 설명할 수 있다,3,knowledge,2026-07-23
t7-04,c1-itbasics,基本的なログから時刻・事象を読み取れる,기본적인 로그에서 시각·현상을 읽어낼 수 있다,4,knowledge,2026-07-23
t7-05,c1-itbasics,ファイル・フォルダの基本操作ができる,파일·폴더의 기본 조작을 할 수 있다,5,knowledge,2026-07-23
t7-06,c1-itbasics,決められたコマンドを手順書に沿って実行できる,정해진 커맨드를 절차서에 따라 실행할 수 있다,6,practice,2026-07-23
t7-07,c1-itbasics,Office系ツールで簡単な資料や表を作成できる,오피스계 도구로 간단한 자료나 표를 작성할 수 있다,7,knowledge,2026-07-23
t7-08,c1-itbasics,CPU・メモリ・ディスクの役割を説明できる,CPU·메모리·디스크의 역할을 설명할 수 있다,8,knowledge,2026-07-23
t7-09,c1-itbasics,サービスとプロセスの違いを説明できる,서비스와 프로세스의 차이를 설명할 수 있다,9,knowledge,2026-07-23
t7-10,c1-itbasics,ログのレベル（情報・警告・エラー）を説明できる,로그 레벨(정보·경고·에러)을 설명할 수 있다,10,knowledge,2026-07-23
t7-11,c1-itbasics,ホスト名・IPアドレス・ポートの関係を説明できる,호스트명·IP 주소·포트의 관계를 설명할 수 있다,11,knowledge,2026-07-23
t7-12,c1-itbasics,オンプレミス・仮想基盤・クラウドの違いを説明できる,온프레미스·가상 기반·클라우드의 차이를 설명할 수 있다,12,knowledge,2026-07-23
t8-01,c1-security,情報の持ち出し・取り扱いルールを説明できる,정보 반출·취급 룰을 설명할 수 있다,1,knowledge,2026-07-23
t8-02,c1-security,パスワード・認証情報の取り扱いルールを説明できる,비밀번호·인증 정보 취급 룰을 설명할 수 있다,2,knowledge,2026-07-23
t8-03,c1-security,入退室・クリアデスクなどの物理ルールを守れる,입퇴실·클리어데스크 등 물리 룰을 지킬 수 있다,3,practice,2026-07-23
t8-04,c1-security,紛失・誤送信などインシデント発生時の報告ルールを説明できる,분실·오발송 등 인시던트 발생 시 보고 룰을 설명할 수 있다,4,knowledge,2026-07-23
t8-05,c1-security,自分の作業権限の範囲を説明できる,자신의 작업 권한 범위를 설명할 수 있다,5,knowledge,2026-07-23
t8-06,c1-security,権限範囲外の依頼を受けたとき、独断せず確認・報告できる,권한 범위 밖의 의뢰를 받았을 때 독단하지 않고 확인·보고할 수 있다,6,practice,2026-07-23
t8-07,c1-security,不審な依頼やメールに気づいて報告できる,의심스러운 의뢰나 메일을 알아채고 보고할 수 있다,7,practice,2026-07-23
t8-08,c1-security,ログや画面キャプチャを共有する前に機密情報の有無を確認できる,로그나 화면 캡처를 공유하기 전에 기밀 정보 유무를 확인할 수 있다,8,practice,2026-07-23
t9-01,c1-site,担当案件の体制（誰が何の担当か）を説明できる,담당 안건의 체제(누가 무슨 담당인지)를 설명할 수 있다,1,knowledge,2026-07-23
t9-02,c1-site,事象別に、誰へ・どの手段で・いつ連絡するか（エスカレーション先・連絡網）を説明できる,현상별로 누구에게·어떤 수단으로·언제 연락하는지(에스컬레이션처·연락망)를 설명할 수 있다,2,knowledge,2026-07-23
t9-03,c1-site,勤務シフト・交代のルールを説明できる,근무 시프트·교대 룰을 설명할 수 있다,3,knowledge,2026-07-23
t9-05,c1-site,担当案件のサービス提供時間と監視・対応時間を説明できる,담당 안건의 서비스 제공 시간과 감시·대응 시간을 설명할 수 있다,4,knowledge,2026-07-23
t9-06,c1-site,自分の担当範囲と対象外の作業を説明できる,자신의 담당 범위와 대상 외 작업을 설명할 수 있다,5,knowledge,2026-07-23
t2m-01,c2-monitor,アラートの対象（サーバー・ネットワーク機器・サービス・ジョブなど）を特定できる,알람 대상(서버·네트워크 기기·서비스·잡 등)을 특정할 수 있다,1,practice,2026-07-23
t2m-02,c2-monitor,重複したアラートや、予定作業に伴うアラートを通常のアラートと区別できる,중복된 알람이나 예정 작업에 따른 알람을 통상 알람과 구별할 수 있다,2,practice,2026-07-23
t2m-03,c2-monitor,担当時間帯の監視画面とアラート一覧を定期的に確認できる,담당 시간대의 감시 화면과 알람 목록을 정기적으로 확인할 수 있다,3,practice,2026-07-23
t2m-04,c2-monitor,未確認・未対応のアラートを識別できる,미확인·미대응 알람을 식별할 수 있다,4,practice,2026-07-23
t2m-05,c2-monitor,複数のアラートが同一事象に関連するか確認できる,여러 알람이 동일 현상에 관련되는지 확인할 수 있다,5,practice,2026-07-23
t2m-06,c2-monitor,監視値がしきい値を超えているか確認できる,감시 값이 임계값을 넘었는지 확인할 수 있다,6,practice,2026-07-23
t2m-07,c2-monitor,分類ルールに基づいて、セキュリティに関するアラートを通常の障害アラートと区別できる,분류 룰에 근거해 보안 관련 알람을 통상 장애 알람과 구별할 수 있다,7,practice,2026-07-23
t2m-08,c2-monitor,セキュリティアラートを所定の連絡先へエスカレーションできる,보안 알람을 정해진 연락처로 에스컬레이션할 수 있다,8,practice,2026-07-23
t2m-09,c2-monitor,発報内容の見方（何が・どこで起きたか）を説明できる,발보 내용의 해석 방법(무엇이·어디서 발생했는가)을 설명할 수 있다,9,knowledge,2026-08-06
t2m-10,c2-monitor,予定作業に伴うアラートを見分けるための観点を挙げられる,,10,knowledge,2026-08-07
t2m-11,c2-monitor,セキュリティに関するアラートの分類ルールを説明できる,,11,knowledge,2026-08-07
t2a-01,c2-assess,手順書で指定された方法を使って、サービス・プロセス・通信の稼働状態を確認できる,절차서에 지정된 방법으로 서비스·프로세스·통신의 가동 상태를 확인할 수 있다,1,practice,2026-07-23
t2a-02,c2-assess,手順書に定められた正常条件と照合して、正常・異常を判定できる,절차서에 정해진 정상 조건과 대조해 정상·이상을 판정할 수 있다,2,practice,2026-07-23
t6-10,c2-assess,発報内容と手順書・構成情報を照らし合わせて、対象と発生している事象を特定できる,발보 내용을 절차서·구성 정보와 대조해 대상과 발생 중인 현상을 특정할 수 있다,3,practice,2026-07-23
t6-11,c2-assess,障害の影響範囲を大まかに見積もれる,장애의 영향 범위를 대략 가늠할 수 있다,4,practice,2026-07-23
t6-12,c2-assess,緊急度を判断基準（手順書）に沿って分類できる,긴급도를 판단 기준(절차서)에 따라 분류할 수 있다,5,practice,2026-07-23
t2a-03,c2-assess,初動対応前にエラーメッセージ・ログ・画面情報を取得できる,초동 대응 전에 에러 메시지·로그·화면 정보를 취득할 수 있다,6,practice,2026-07-23
t2a-04,c2-assess,過去の同種インシデントやナレッジを検索できる,과거의 동종 인시던트나 지식베이스를 검색할 수 있다,7,practice,2026-07-23
t2a-05,c2-assess,影響範囲と緊急度の判断基準を説明できる,영향 범위와 긴급도의 판단 기준을 설명할 수 있다,8,knowledge,2026-08-06
t2a-06,c2-assess,確認結果から正常・異常を判断する基準を説明できる,확인 결과에서 정상·이상을 판단하는 기준을 설명할 수 있다,9,knowledge,2026-08-06
t2r-01,c2-response,手順書に沿って障害の初動対応を実施できる,절차서에 따라 장애 초동 대응을 수행할 수 있다,1,practice,2026-07-23
t2r-02,c2-response,対応期限を確認し、遅延のおそれがあれば報告できる,대응 기한을 확인하고 지연 우려가 있으면 보고할 수 있다,2,practice,2026-07-23
t2r-03,c2-response,一次対応で復旧しない場合、対応を打ち切って二次対応へ引き継ぐ判断ができる,일차 대응으로 복구되지 않을 경우 대응을 중단하고 2차 대응으로 인계하는 판단을 할 수 있다,3,practice,2026-07-23
t2r-04,c2-response,初動対応前に対象システム・対象環境を再確認できる,초동 대응 전에 대상 시스템·대상 환경을 재확인할 수 있다,4,practice,2026-07-23
t2r-05,c2-response,初動対応で実施した操作と結果を時系列で記録できる,초동 대응에서 수행한 조작과 결과를 시계열로 기록할 수 있다,5,practice,2026-07-23
t2r-06,c2-response,手順書で許可された範囲を超えずに対応できる,절차서에서 허가된 범위를 넘지 않고 대응할 수 있다,6,practice,2026-07-23
t2r-07,c2-response,障害発生時の対応手順の全体像を説明できる,장애 발생 시 대응 절차의 전체 흐름을 설명할 수 있다,7,knowledge,2026-08-06
t2r-08,c2-response,一次対応を打ち切って二次対応へ渡す判断基準を説明できる,,8,knowledge,2026-08-07
t2r-09,c2-response,一次対応で許可されている操作の範囲を説明できる,,9,knowledge,2026-08-07
t2rc-01,c2-recovery,初動対応後に対象のサービスや機器が正常状態へ戻ったことを確認できる,초동 대응 후 대상 서비스나 기기가 정상 상태로 돌아왔는지 확인할 수 있다,1,practice,2026-07-23
t2rc-02,c2-recovery,手順書で定められた時間、再発の有無を監視できる,절차서에 정해진 시간 동안 재발 여부를 감시할 수 있다,2,practice,2026-07-23
t2rc-03,c2-recovery,利用者への影響が解消したか確認できる,이용자에 대한 영향이 해소되었는지 확인할 수 있다,3,practice,2026-07-23
t2rc-04,c2-recovery,復旧時刻と確認結果を記録できる,복구 시각과 확인 결과를 기록할 수 있다,4,practice,2026-07-23
t2rc-05,c2-recovery,関係者へ復旧連絡を送れる,관계자에게 복구 연락을 보낼 수 있다,5,practice,2026-07-23
t2rc-06,c2-recovery,未解決事項が残る場合、完了扱いにせず引き継げる,미해결 사항이 남을 경우 완료 처리하지 않고 인계할 수 있다,6,practice,2026-07-23
t2rc-07,c2-recovery,復旧したと判断してよい条件を説明できる,복구됐다고 판단해도 되는 조건을 설명할 수 있다,7,knowledge,2026-08-06
t2rc-08,c2-recovery,復旧連絡に含めるべき内容を挙げられる,,8,knowledge,2026-08-07
t2e-01,c2-escalate,影響範囲・緊急度・現在の状態を整理して引き継げる,영향 범위·긴급도·현재 상태를 정리해 인계할 수 있다,1,practice,2026-07-23
t2e-02,c2-escalate,手順書の条件（影響度・緊急度・対応期限）に照らして、エスカレーションの要否を判断できる,절차서의 조건(영향도·긴급도·대응 기한)에 비추어 에스컬레이션 필요 여부를 판단할 수 있다,2,practice,2026-07-23
t2e-03,c2-escalate,取得したログ・画面情報・コマンド結果を引き継げる,취득한 로그·화면 정보·커맨드 결과를 인계할 수 있다,3,practice,2026-07-23
t2e-04,c2-escalate,未実施の確認事項と次に必要な対応を明示できる,미실시 확인 사항과 다음에 필요한 대응을 명시할 수 있다,4,practice,2026-07-23
t2e-05,c2-escalate,引き継ぎ先が受け付けたことを確認できる,인계처가 접수했음을 확인할 수 있다,5,practice,2026-07-23
t2e-06,c2-escalate,エスカレーションが遅れた場合に生じる影響を説明できる,에스컬레이션이 늦어졌을 때 생기는 영향을 설명할 수 있다,6,knowledge,2026-08-06
t2e-07,c2-escalate,自分の権限で対応してよい範囲と、そうでない範囲を説明できる,,7,knowledge,2026-08-07
t2i-01,c2-incident,検知した事象をインシデントとして所定のシステムへ登録できる,감지한 현상을 인시던트로 정해진 시스템에 등록할 수 있다,1,practice,2026-07-23
t2i-02,c2-incident,インシデントを定められたカテゴリに分類できる,인시던트를 정해진 카테고리로 분류할 수 있다,2,practice,2026-07-23
t2i-03,c2-incident,影響度と緊急度をもとに優先度を設定できる,영향도와 긴급도를 바탕으로 우선도를 설정할 수 있다,3,practice,2026-07-23
t2i-04,c2-incident,インシデントの担当者・ステータス・次回対応時刻を更新できる,인시던트의 담당자·상태·다음 대응 시각을 갱신할 수 있다,4,practice,2026-07-23
t2i-05,c2-incident,対応中のインシデントを一覧で追跡できる,대응 중인 인시던트를 목록으로 추적할 수 있다,5,practice,2026-07-23
t2i-06,c2-incident,対応期限を超えるおそれがあるインシデントに気づける,대응 기한을 넘길 우려가 있는 인시던트를 알아챌 수 있다,6,practice,2026-07-23
t2i-07,c2-incident,対応経過と判断根拠を時系列で記録できる,대응 경과와 판단 근거를 시계열로 기록할 수 있다,7,practice,2026-07-23
t2i-08,c2-incident,解決条件を満たしたことを確認してインシデントをクローズできる,해결 조건을 충족했음을 확인하고 인시던트를 클로즈할 수 있다,8,practice,2026-07-23
t2i-09,c2-incident,インシデントの受付から解決までの流れを説明できる,인시던트의 접수부터 해결까지의 흐름을 설명할 수 있다,9,knowledge,2026-08-06
t2i-10,c2-incident,対応期限（SLA）の考え方を説明できる,,10,knowledge,2026-08-07
t2o-01,c2-operations,作業スケジュールに沿って担当する定常作業を自立して実施できる,작업 스케줄에 따라 담당하는 정기 작업을 자립적으로 수행할 수 있다,1,practice,2026-07-23
t2o-02,c2-operations,定常作業の進捗と完了状況を一覧で管理できる,정기 작업의 진척과 완료 상황을 목록으로 관리할 수 있다,2,practice,2026-07-23
t2o-03,c2-operations,ジョブ・バッチの遅延や異常終了を判断基準に沿って分類できる,잡·배치의 지연이나 이상 종료를 판단 기준에 따라 분류할 수 있다,3,practice,2026-07-23
t2o-04,c2-operations,ジョブ・バッチの異常時に手順書で指定された対応を実施できる,잡·배치 이상 시 절차서에 지정된 대응을 수행할 수 있다,4,practice,2026-07-23
t2o-05,c2-operations,バックアップ失敗時に手順書で指定された確認を実施できる,백업 실패 시 절차서에 지정된 확인을 수행할 수 있다,5,practice,2026-07-23
t2o-06,c2-operations,バックアップ失敗が解消しない場合、所定の相手へエスカレーションできる,백업 실패가 해소되지 않을 경우 정해진 상대에게 에스컬레이션할 수 있다,6,practice,2026-07-23
t2o-07,c2-operations,ネットワーク機器の設定バックアップを取得し、結果を確認できる,네트워크 기기의 설정 백업을 취득하고 결과를 확인할 수 있다,7,practice,2026-07-29
t2o-08,c2-operations,インターフェース・通信状態を確認し、異常時に所定の相手へエスカレーションできる,인터페이스·통신 상태를 확인하고 이상 시 정해진 상대에게 에스컬레이션할 수 있다,8,practice,2026-07-29
t2o-09,c2-operations,ジョブ・バッチが異常終了する主な原因を挙げられる,잡·배치가 이상 종료하는 주요 원인을 열거할 수 있다,9,knowledge,2026-08-06
t2o-10,c2-operations,バックアップの取得対象と保存期間の考え方を説明できる,,10,knowledge,2026-08-07
t3an-01,c3-analysis,監視結果の傾向（増加・減少・周期性）を読み取れる,감시 결과의 경향(증가·감소·주기성)을 읽어낼 수 있다,1,practice,2026-07-29
t3an-02,c3-analysis,繰り返し発生しているアラートを特定できる,반복 발생하는 알람을 특정할 수 있다,2,practice,2026-07-29
t3an-03,c3-analysis,しきい値が実態に合っているか確認できる,임계값이 실태에 맞는지 확인할 수 있다,3,practice,2026-07-29
t3an-04,c3-analysis,しきい値や監視条件の見直しを提案できる,임계값과 감시 조건의 재검토를 제안할 수 있다,4,practice,2026-07-29
t3an-05,c3-analysis,アラートの通知内容が対応に十分か確認できる,알람 통지 내용이 대응에 충분한지 확인할 수 있다,5,practice,2026-07-29
t3an-06,c3-analysis,監視から漏れている対象や項目に気づける,감시에서 누락된 대상과 항목을 알아챌 수 있다,6,practice,2026-07-29
t3an-07,c3-analysis,障害の予兆となる状態を、影響と緊急度を添えて報告できる,장애의 징후가 되는 상태를 영향과 긴급도를 곁들여 보고할 수 있다,7,practice,2026-07-29
t3an-08,c3-analysis,しきい値を決めるときに考慮する要素を挙げられる,임계값을 정할 때 고려하는 요소를 열거할 수 있다,8,knowledge,2026-08-06
t3an-09,c3-analysis,監視の抜け漏れが起きやすい箇所を挙げられる,감시 누락이 생기기 쉬운 곳을 열거할 수 있다,9,knowledge,2026-08-06
t3dg-01,c3-diagnosis,障害の再現条件や発生タイミングを整理できる,장애의 재현 조건과 발생 타이밍을 정리할 수 있다,1,practice,2026-07-29
t3dg-02,c3-diagnosis,手順書に記載のない事象について、確認すべき対象を自分で決められる,절차서에 없는 현상에 대해 확인할 대상을 스스로 정할 수 있다,2,practice,2026-07-29
t3dg-03,c3-diagnosis,ネットワーク・OS・ミドルウェア・アプリケーション・外部サービスのどの範囲で問題が起きているか切り分けられる,네트워크·OS·미들웨어·애플리케이션·외부 서비스 중 어느 범위에서 문제가 발생했는지 좁힐 수 있다,3,practice,2026-07-29
t3dg-04,c3-diagnosis,ログの該当箇所を時系列で追い、事象との関連を確認できる,로그의 해당 부분을 시계열로 추적해 현상과의 관련을 확인할 수 있다,4,practice,2026-07-29
t3dg-05,c3-diagnosis,設定内容や構成の変更履歴を確認し、事象との関連を確認できる,설정 내용과 구성의 변경 이력을 확인해 현상과의 관련을 확인할 수 있다,5,practice,2026-07-29
t3dg-06,c3-diagnosis,リソース（CPU・メモリ・ディスク・ネットワーク）の状況から原因を絞り込める,리소스(CPU·메모리·디스크·네트워크) 상황에서 원인을 좁힐 수 있다,6,practice,2026-07-29
t3dg-07,c3-diagnosis,原因の候補が複数残る場合、切り分けの順序を決められる,원인 후보가 여러 개 남을 경우 범위를 좁히는 순서를 정할 수 있다,7,practice,2026-07-29
t3dg-09,c3-diagnosis,切り分けの結果から原因の仮説を立てられる,범위를 좁힌 결과에서 원인의 가설을 세울 수 있다,8,practice,2026-07-29
t3dg-08,c3-diagnosis,調査で判明した事実と推測を区別して説明できる,조사로 판명된 사실과 추측을 구별해 설명할 수 있다,9,practice,2026-07-29
t3dg-10,c3-diagnosis,OS・ミドルウェアの基本的な構成を説明できる,OS·미들웨어의 기본 구성을 설명할 수 있다,10,knowledge,2026-08-06
t3dg-11,c3-diagnosis,事象から調査対象を絞る考え方を説明できる,현상에서 조사 대상을 좁히는 사고방식을 설명할 수 있다,11,knowledge,2026-08-06
t3dg-12,c3-diagnosis,リソース不足のときに現れる典型的な症状を挙げられる,,12,knowledge,2026-08-07
t3rv-01,c3-recovery,手順書にない事象について、根拠と影響を示して復旧案を立てられる,절차서에 없는 현상에 대해 근거와 영향을 제시해 복구안을 세울 수 있다,1,practice,2026-07-29
t3rv-02,c3-recovery,暫定対応と恒久対応を区別して判断できる,잠정 대응과 근본 대응을 구별해 판단할 수 있다,2,practice,2026-07-29
t3rv-03,c3-recovery,復旧作業の影響範囲とリスクを事前に確認できる,복구 작업의 영향 범위와 리스크를 사전에 확인할 수 있다,3,practice,2026-07-29
t3rv-04,c3-recovery,作業前に切り戻しの手段を確認できる,작업 전에 되돌리기 수단을 확인할 수 있다,4,practice,2026-07-29
t3rv-05,c3-recovery,復旧対応中の操作・判断・結果を時系列で記録できる,복구 대응 중의 조작·판단·결과를 시계열로 기록할 수 있다,5,practice,2026-07-29
t3rv-06,c3-recovery,再発防止のための恒久対策を提案できる,재발 방지를 위한 근본 대책을 제안할 수 있다,6,practice,2026-07-29
t3rv-07,c3-recovery,自分で対応しきれないと判断した場合、判断根拠を示して上位へ引き継げる,스스로 대응하기 어렵다고 판단한 경우 판단 근거를 제시해 상위로 인계할 수 있다,7,practice,2026-07-29
t3rv-08,c3-recovery,原因・影響範囲・対応経過・復旧結果・再発防止案を事後報告としてまとめられる,원인·영향 범위·대응 경과·복구 결과·재발 방지안을 사후 보고로 정리할 수 있다,8,practice,2026-07-29
t3rv-09,c3-recovery,切り戻しが必要になる条件と判断基準を説明できる,되돌리기(롤백)가 필요해지는 조건과 판단 기준을 설명할 수 있다,9,knowledge,2026-08-06
t3rv-10,c3-recovery,暫定対応と恒久対応の違いを説明できる,,10,knowledge,2026-08-07
t3rv-11,c3-recovery,再発防止策を検討するときの観点を挙げられる,,11,knowledge,2026-08-07
t3rv-12,c3-recovery,復旧作業がサービスに与える影響の見積もり方を説明できる,,12,knowledge,2026-08-07
t3ic-01,c3-incident,一次対応者からのエスカレーションを受け付けられる,1차 대응자로부터의 에스컬레이션을 접수할 수 있다,1,practice,2026-07-29
t3ic-02,c3-incident,引き継がれた情報の不足を確認し、必要な情報を具体的に依頼できる,인계받은 정보의 부족을 확인해 필요한 정보를 구체적으로 요청할 수 있다,2,practice,2026-07-29
t3ic-03,c3-incident,複数のインシデントを、影響度・緊急度・対応期限に基づいて再優先付けできる,여러 인시던트를 영향도·긴급도·대응 기한에 따라 재우선순위화할 수 있다,3,practice,2026-07-29
t3ic-04,c3-incident,関係者ごとに必要な共有内容と更新頻度を整理し、対応状況を共有できる,관계자별로 필요한 공유 내용과 갱신 빈도를 정리해 대응 상황을 공유할 수 있다,4,practice,2026-07-29
t3ic-05,c3-incident,対応期限・次回更新時刻・遅延リスクを管理し、必要に応じて追加支援を依頼できる,대응 기한·다음 갱신 시각·지연 리스크를 관리하고 필요에 따라 추가 지원을 요청할 수 있다,5,practice,2026-07-29
t3ic-06,c3-incident,対応が長時間化する場合、体制や引き継ぎを調整できる,대응이 장시간화될 경우 체제와 인계를 조정할 수 있다,6,practice,2026-07-29
t3ic-07,c3-incident,インシデントの記録を後から原因分析に使える粒度で残せる,인시던트 기록을 나중에 원인 분석에 쓸 수 있는 상세 수준으로 남길 수 있다,7,practice,2026-07-29
t3ic-08,c3-incident,一次対応者へ対応結果と判断理由を返せる,1차 대응자에게 대응 결과와 판단 이유를 회신할 수 있다,8,practice,2026-07-29
t3ic-09,c3-incident,関係者ごとに求められる報告の粒度と頻度の違いを説明できる,관계자별로 요구되는 보고의 입도와 빈도 차이를 설명할 수 있다,9,knowledge,2026-08-06
t3ic-10,c3-incident,原因分析に使える記録の粒度を説明できる,,10,knowledge,2026-08-07
t3mt-01,c3-maintenance,定期保守作業の計画に沿って担当分を実施できる,정기 보수 작업 계획에 따라 담당분을 수행할 수 있다,1,practice,2026-07-29
t3mt-09,c3-maintenance,作業申請・承認・実施日時・連絡先がそろっていることを確認できる,작업 신청·승인·실시 일시·연락처가 갖춰졌는지 확인할 수 있다,2,practice,2026-07-29
t3mt-02,c3-maintenance,保守作業の前に対象と影響範囲を確認できる,보수 작업 전에 대상과 영향 범위를 확인할 수 있다,3,practice,2026-07-29
t3mt-10,c3-maintenance,変更前の設定・状態を保存し、切り戻し手順と判断基準を確認できる,변경 전 설정·상태를 저장하고 되돌리기 절차와 판단 기준을 확인할 수 있다,4,practice,2026-07-29
t3mt-03,c3-maintenance,パッチや更新プログラムの適用対象を確認できる,패치와 업데이트 프로그램의 적용 대상을 확인할 수 있다,5,practice,2026-07-29
t3mt-04,c3-maintenance,適用前に既知の不具合や注意事項を確認できる,적용 전에 알려진 결함과 주의사항을 확인할 수 있다,6,practice,2026-07-29
t3mt-05,c3-maintenance,承認済みの手順に沿って、パッチ・更新プログラムを適用できる,승인된 절차에 따라 패치·업데이트 프로그램을 적용할 수 있다,7,practice,2026-07-29
t3mt-11,c3-maintenance,承認済みの手順に沿って、サービス再起動や設定変更を実施できる,승인된 절차에 따라 서비스 재기동과 설정 변경을 수행할 수 있다,8,practice,2026-07-29
t3mt-06,c3-maintenance,作業前後の状態・設定差分・監視結果を確認できる,작업 전후의 상태·설정 차이·감시 결과를 확인할 수 있다,9,practice,2026-07-29
t3mt-07,c3-maintenance,作業結果を記録し、未完了分を明確にして引き継げる,작업 결과를 기록하고 미완료분을 명확히 해 인계할 수 있다,10,practice,2026-07-29
t3mt-08,c3-maintenance,保守作業で判明した懸念点について、影響・優先度・対応案を整理して報告できる,보수 작업에서 판명된 우려 사항에 대해 영향·우선도·대응안을 정리해 보고할 수 있다,11,practice,2026-07-29
t3mt-12,c3-maintenance,定期保守作業の手順と注意点を説明できる,정기 보수 작업의 절차와 주의점을 설명할 수 있다,12,knowledge,2026-08-06
t3mt-13,c3-maintenance,パッチ適用前に確認すべき既知の不具合や注意事項の調べ方を説明できる,패치·릴리스 작업의 절차와 주의점을 설명할 수 있다,13,knowledge,2026-08-06
t3mt-14,c3-maintenance,変更前に保存しておくべき設定・状態を挙げられる,,14,knowledge,2026-08-07
t3dc-01,c3-document,手順書の記載と実際の作業手順の差異を整理し、更新の要否を判断できる,절차서 기재와 실제 작업 절차의 차이를 정리해 갱신 필요 여부를 판단할 수 있다,1,practice,2026-07-29
t3dc-02,c3-document,手順書の不足箇所や誤りに対する修正案を作成できる,절차서의 부족한 부분과 오류에 대한 수정안을 작성할 수 있다,2,practice,2026-07-29
t3dc-03,c3-document,作業手順を、前提・手順・確認方法を含む標準手順書として書ける,작업 절차를 전제·절차·확인 방법을 포함한 표준 절차서로 쓸 수 있다,3,practice,2026-07-29
t3dc-04,c3-document,対応事例をナレッジとして登録できる,대응 사례를 지식베이스로 등록할 수 있다,4,practice,2026-07-29
t3dc-05,c3-document,ナレッジを検索されやすい表題・キーワードで整理できる,지식베이스를 검색되기 쉬운 표제·키워드로 정리할 수 있다,5,practice,2026-07-29
t3dc-06,c3-document,手順書やナレッジの更新を関係者へ周知できる,절차서와 지식베이스의 갱신을 관계자에게 공지·공유할 수 있다,6,practice,2026-07-29
t3dc-07,c3-document,手順書やナレッジの更新を、レビュー・承認の手順に沿って反映できる,절차서·나레지의 갱신을 리뷰·승인 절차에 따라 반영할 수 있다,7,practice,2026-07-29
t3dc-08,c3-document,手順書に必要な要素（対象・前提・手順・確認方法・切り戻し）を挙げられる,,8,knowledge,2026-08-07
t3dc-09,c3-document,手順書を改訂すべきタイミングを説明できる,,9,knowledge,2026-08-07
hd1-intake-01,hd1-intake,電話で問い合わせを受け付けられる,전화로 문의를 접수할 수 있다,1,practice,2026-08-15
hd1-intake-02,hd1-intake,メールで問い合わせを受け付けられる,메일로 문의를 접수할 수 있다,2,practice,2026-08-15
hd1-intake-03,hd1-intake,チャットツールで問い合わせを受け付けられる,채팅 도구로 문의를 접수할 수 있다,3,practice,2026-08-15
hd1-intake-04,hd1-intake,問い合わせフォーム・チケットからの依頼を受け付けられる,문의 폼·티켓으로 온 의뢰를 접수할 수 있다,4,practice,2026-08-15
hd1-intake-05,hd1-intake,問い合わせ内容を正確に聞き取れる,문의 내용을 정확히 청취할 수 있다,5,practice,2026-08-15
hd1-intake-06,hd1-intake,聞き取った内容を復唱して認識合わせができる,청취한 내용을 복창해 인식을 맞출 수 있다,6,practice,2026-08-15
hd1-intake-07,hd1-intake,利用者名・部署・端末などの必要情報を確認できる,이용자명·부서·단말 등 필요 정보를 확인할 수 있다,7,practice,2026-08-15
hd1-intake-08,hd1-intake,問い合わせの要点を整理してチケットに登録できる,문의의 요점을 정리해 티켓에 등록할 수 있다,8,practice,2026-08-15
hd1-intake-09,hd1-intake,よくある問い合わせの種類を説明できる,자주 오는 문의의 종류를 설명할 수 있다,9,knowledge,2026-08-15
hd1-intake-10,hd1-intake,受付時に確認すべき項目を説明できる,접수 시 확인해야 할 항목을 설명할 수 있다,10,knowledge,2026-08-15
hd1-triage-01,hd1-triage,FAQ・ナレッジを検索して回答を探せる,FAQ·지식DB를 검색해 답변을 찾을 수 있다,1,practice,2026-08-15
hd1-triage-02,hd1-triage,どの手順書に該当するか判断できる,어느 절차서에 해당하는지 판단할 수 있다,2,practice,2026-08-15
hd1-triage-03,hd1-triage,事象の再現手順を確認できる,사상의 재현 절차를 확인할 수 있다,3,practice,2026-08-15
hd1-triage-04,hd1-triage,発生時期と発生範囲を確認できる,발생 시기와 발생 범위를 확인할 수 있다,4,practice,2026-08-15
hd1-triage-05,hd1-triage,自分で対応できるものとできないものを見分けられる,스스로 대응 가능한 것과 불가능한 것을 구분할 수 있다,5,practice,2026-08-15
hd1-triage-06,hd1-triage,過去の類似案件を検索して参照できる,과거 유사 안건을 검색해 참조할 수 있다,6,practice,2026-08-15
hd1-triage-07,hd1-triage,一次切り分けで確認する観点を説明できる,1차 분류에서 확인하는 관점을 설명할 수 있다,7,knowledge,2026-08-15
hd1-triage-08,hd1-triage,複数人で発生している場合に何を疑うか説明できる,여러 명에게 발생한 경우 무엇을 의심할지 설명할 수 있다,8,knowledge,2026-08-15
hd1-triage-09,hd1-triage,緊急度と影響度の違いを説明できる,긴급도와 영향도의 차이를 설명할 수 있다,9,knowledge,2026-08-15
hd1-guidance-01,hd1-guidance,手順書に沿って定型的な案内ができる,절차서에 따라 정형적인 안내를 할 수 있다,1,practice,2026-08-15
hd1-guidance-02,hd1-guidance,画面共有で操作を案内できる,화면 공유로 조작을 안내할 수 있다,2,practice,2026-08-15
hd1-guidance-03,hd1-guidance,リモート接続ツールで操作を代行できる,원격 접속 도구로 조작을 대행할 수 있다,3,practice,2026-08-15
hd1-guidance-04,hd1-guidance,利用者の習熟度に合わせて言い換えて説明できる,이용자의 숙련도에 맞춰 바꿔 설명할 수 있다,4,practice,2026-08-15
hd1-guidance-05,hd1-guidance,案内した手順が実行できたか確認できる,안내한 절차가 실행됐는지 확인할 수 있다,5,practice,2026-08-15
hd1-guidance-06,hd1-guidance,手順書に無い操作を求められたとき確認してから進められる,절차서에 없는 조작을 요구받았을 때 확인 후 진행할 수 있다,6,practice,2026-08-15
hd1-guidance-07,hd1-guidance,案内してよい操作とそうでない操作の線引きを説明できる,안내해도 되는 조작과 아닌 조작의 경계를 설명할 수 있다,7,knowledge,2026-08-15
hd1-guidance-08,hd1-guidance,よくある操作質問への回答を説明できる,자주 오는 조작 질문에 대한 답변을 설명할 수 있다,8,knowledge,2026-08-15
hd1-guidance-09,hd1-guidance,画面共有やリモート操作の前に取るべき同意を説明できる,화면 공유·원격 조작 전에 받아야 할 동의를 설명할 수 있다,9,knowledge,2026-08-15
hd1-escalate-01,hd1-escalate,自分の対応範囲を超えたと判断して引き継げる,자기 대응 범위를 넘었다고 판단해 인계할 수 있다,1,practice,2026-08-15
hd1-escalate-02,hd1-escalate,引き継ぎ時に状況・試したこと・結果を伝えられる,인계 시 상황·시도한 것·결과를 전달할 수 있다,2,practice,2026-08-15
hd1-escalate-03,hd1-escalate,引き継ぎ先の担当者を選べる,인계처 담당자를 고를 수 있다,3,practice,2026-08-15
hd1-escalate-04,hd1-escalate,交代勤務時に未対応の案件を引き継げる,교대 근무 시 미대응 안건을 인계할 수 있다,4,practice,2026-08-15
hd1-escalate-05,hd1-escalate,引き継いだ後も結果を確認できる,인계한 뒤에도 결과를 확인할 수 있다,5,practice,2026-08-15
hd1-escalate-06,hd1-escalate,引き継ぎの基準を説明できる,인계 기준을 설명할 수 있다,6,knowledge,2026-08-15
hd1-escalate-07,hd1-escalate,引き継ぎ先の体制と担当範囲を説明できる,인계처의 체제와 담당 범위를 설명할 수 있다,7,knowledge,2026-08-15
hd1-escalate-08,hd1-escalate,引き継ぎ時に必ず伝える項目を説明できる,인계 시 반드시 전달할 항목을 설명할 수 있다,8,knowledge,2026-08-15
hd1-record-01,hd1-record,対応内容をチケットに記録できる,대응 내용을 티켓에 기록할 수 있다,1,practice,2026-08-15
hd1-record-02,hd1-record,手順書で定められた作業証跡（ログ・画面キャプチャ等）を残せる,절차서가 정한 작업 증적(로그·화면 캡처 등)을 남길 수 있다,2,practice,2026-08-15
hd1-record-03,hd1-record,後から読む人が分かる書き方で記録できる,나중에 읽는 사람이 알 수 있는 방식으로 기록할 수 있다,3,practice,2026-08-15
hd1-record-04,hd1-record,対応中の状況を上長や関係者へ報告できる,대응 중 상황을 상사·관계자에게 보고할 수 있다,4,practice,2026-08-15
hd1-record-05,hd1-record,判断に迷ったときに相談できる,판단이 망설여질 때 상담할 수 있다,5,practice,2026-08-15
hd1-record-06,hd1-record,期限に間に合わないと分かった時点で連絡できる,기한을 못 맞춘다고 안 시점에 연락할 수 있다,6,practice,2026-08-15
hd1-record-07,hd1-record,報告・連絡・相談の使い分けを説明できる,보고·연락·상담의 구분을 설명할 수 있다,7,knowledge,2026-08-15
hd1-record-08,hd1-record,記録に残す項目を説明できる,기록에 남길 항목을 설명할 수 있다,8,knowledge,2026-08-15
hd1-record-09,hd1-record,個人情報を記録するときの注意点を説明できる,개인정보를 기록할 때의 주의점을 설명할 수 있다,9,knowledge,2026-08-15
hd1-account-01,hd1-account,パスワードのリセットを手順書に沿って実施できる,비밀번호 리셋을 절차서에 따라 실시할 수 있다,1,practice,2026-08-15
hd1-account-02,hd1-account,アカウントロックの解除を手順書に沿って実施できる,계정 잠금 해제를 절차서에 따라 실시할 수 있다,2,practice,2026-08-15
hd1-account-03,hd1-account,アカウントの新規発行を手順書に沿って実施できる,계정 신규 발급을 절차서에 따라 실시할 수 있다,3,practice,2026-08-15
hd1-account-04,hd1-account,退職・異動に伴うアカウントの停止を手順書に沿って実施できる,퇴직·이동에 따른 계정 정지를 절차서에 따라 실시할 수 있다,4,practice,2026-08-15
hd1-account-05,hd1-account,ライセンスの割り当てと解除を手順書に沿って実施できる,라이선스 할당과 해제를 절차서에 따라 실시할 수 있다,5,practice,2026-08-15
hd1-account-06,hd1-account,依頼が正規の手続きを経ているか確認できる,의뢰가 정규 절차를 거쳤는지 확인할 수 있다,6,practice,2026-08-15
hd1-account-07,hd1-account,本人確認の方法と確認できない場合の対応を説明できる,본인 확인 방법과 확인되지 않을 때의 대응을 설명할 수 있다,7,knowledge,2026-08-15
hd1-account-08,hd1-account,アカウントと権限の関係を説明できる,계정과 권한의 관계를 설명할 수 있다,8,knowledge,2026-08-15
hd1-account-09,hd1-account,承認が必要な依頼とそうでない依頼の違いを説明できる,승인이 필요한 의뢰와 아닌 의뢰의 차이를 설명할 수 있다,9,knowledge,2026-08-15
hd1-device-01,hd1-device,PCの初期設定（キッティング）を手順書に沿って実施できる,PC 초기 설정(키팅)을 절차서에 따라 실시할 수 있다,1,practice,2026-08-15
hd1-device-02,hd1-device,周辺機器を接続して設定できる,주변기기를 접속해 설정할 수 있다,2,practice,2026-08-15
hd1-device-03,hd1-device,プリンタの接続や印刷トラブルに対応できる,프린터 접속·인쇄 트러블에 대응할 수 있다,3,practice,2026-08-15
hd1-device-04,hd1-device,承認されたソフトウェアを手順書に沿ってインストールできる,승인된 소프트웨어를 절차서에 따라 설치할 수 있다,4,practice,2026-08-15
hd1-device-05,hd1-device,承認された更新プログラムを手順書に沿って適用できる,승인된 업데이트를 절차서에 따라 적용할 수 있다,5,practice,2026-08-15
hd1-device-06,hd1-device,設定後に動作確認ができる,설정 후 동작 확인을 할 수 있다,6,practice,2026-08-15
hd1-device-07,hd1-device,起動しない・ネットワークにつながらない等の基本的な切り分けができる,부팅 불가·네트워크 연결 불가 등 기본적인 범위 좁히기를 할 수 있다,7,practice,2026-08-15
hd1-device-08,hd1-device,設定の不備や故障に気づける,설정 불비나 고장을 알아챌 수 있다,8,practice,2026-08-15
hd1-device-09,hd1-device,端末に入れてよいソフトウェアの基準を説明できる,단말에 설치해도 되는 소프트웨어 기준을 설명할 수 있다,9,knowledge,2026-08-15
hd1-device-10,hd1-device,有線・無線の接続で確認する箇所を説明できる,유선·무선 접속에서 확인할 곳을 설명할 수 있다,10,knowledge,2026-08-15
hd1-device-11,hd1-device,修理や交換に出す判断の目安を説明できる,수리·교환으로 넘길 판단 기준을 설명할 수 있다,11,knowledge,2026-08-15
hd1-asset-01,hd1-asset,資産管理台帳を更新できる,자산관리 대장을 갱신할 수 있다,1,practice,2026-08-15
hd1-asset-02,hd1-asset,端末の貸出手続きができる,단말 대여 수속을 할 수 있다,2,practice,2026-08-15
hd1-asset-03,hd1-asset,端末の回収（返却・保管）の対応ができる,단말 회수(반납·보관) 대응을 할 수 있다,3,practice,2026-08-15
hd1-asset-04,hd1-asset,貸出期限を管理して督促できる,대여 기한을 관리하고 독촉할 수 있다,4,practice,2026-08-15
hd1-asset-05,hd1-asset,在庫数を確認して不足を報告できる,재고 수를 확인해 부족을 보고할 수 있다,5,practice,2026-08-15
hd1-asset-06,hd1-asset,ライセンスの利用状況を確認できる,라이선스 이용 현황을 확인할 수 있다,6,practice,2026-08-15
hd1-asset-07,hd1-asset,台帳に記録する項目を説明できる,대장에 기록할 항목을 설명할 수 있다,7,knowledge,2026-08-15
hd1-asset-08,hd1-asset,台帳と実物が合わない場合に何が問題になるか説明できる,대장과 실물이 맞지 않을 때 무엇이 문제가 되는지 설명할 수 있다,8,knowledge,2026-08-15
hd1-office-01,hd1-office,ファイル・フォルダの基本操作ができる,파일·폴더 기본 조작을 할 수 있다,1,practice,2026-08-15
hd1-office-02,hd1-office,文書や表を作成して体裁を整えられる,문서·표를 작성하고 체재를 정리할 수 있다,2,practice,2026-08-15
hd1-office-03,hd1-office,表計算の基本的な関数を使える,스프레드시트의 기본 함수를 쓸 수 있다,3,practice,2026-08-15
hd1-office-04,hd1-office,メールや予定表の設定を案内できる,메일·일정표 설정을 안내할 수 있다,4,practice,2026-08-15
hd1-office-05,hd1-office,チャット・会議ツールの基本操作を案内できる,채팅·회의 도구의 기본 조작을 안내할 수 있다,5,practice,2026-08-15
hd1-office-06,hd1-office,クラウドストレージの共有設定を案内できる,클라우드 스토리지의 공유 설정을 안내할 수 있다,6,practice,2026-08-15
hd1-office-07,hd1-office,Microsoft 365 の主なサービスと用途を説明できる,Microsoft 365의 주요 서비스와 용도를 설명할 수 있다,7,knowledge,2026-08-15
hd1-office-08,hd1-office,ファイルの共有範囲（社内・社外・リンク）の違いを説明できる,파일 공유 범위(사내·사외·링크)의 차이를 설명할 수 있다,8,knowledge,2026-08-15
hd1-office-09,hd1-office,文字化けや書式崩れのよくある原因を説明できる,문자 깨짐·서식 붕괴의 흔한 원인을 설명할 수 있다,9,knowledge,2026-08-15
hd1-manner-01,hd1-manner,利用者の話を最後まで聞いてから回答できる,이용자의 말을 끝까지 듣고 답변할 수 있다,1,practice,2026-08-15
hd1-manner-02,hd1-manner,専門用語を避けて説明できる,전문 용어를 피해 설명할 수 있다,2,practice,2026-08-15
hd1-manner-03,hd1-manner,待たせるときに理由と目安を伝えられる,기다리게 할 때 이유와 예상 시간을 전달할 수 있다,3,practice,2026-08-15
hd1-manner-04,hd1-manner,できないことを理由とともに伝えられる,할 수 없는 것을 이유와 함께 전달할 수 있다,4,practice,2026-08-15
hd1-manner-05,hd1-manner,強い口調の申し出にも落ち着いて対応できる,강한 어조의 요구에도 침착하게 대응할 수 있다,5,practice,2026-08-15
hd1-manner-06,hd1-manner,対応の最後に解決したかを確認できる,대응 마지막에 해결됐는지 확인할 수 있다,6,practice,2026-08-15
hd1-manner-07,hd1-manner,電話やメールでの基本的な言葉づかいを説明できる,전화·메일의 기본적인 말투를 설명할 수 있다,7,knowledge,2026-08-15
hd1-manner-08,hd1-manner,一次対応で約束してはいけないことを説明できる,1차 대응에서 약속하면 안 되는 것을 설명할 수 있다,8,knowledge,2026-08-15
hd1-manner-09,hd1-manner,利用者が何に困っているかを聞き出す質問の仕方を説明できる,이용자가 무엇에 곤란한지 끌어내는 질문법을 설명할 수 있다,9,knowledge,2026-08-15
hd1-itbasics-01,hd1-itbasics|ad1-itbasics,PC・OSの基本用語を説明できる,PC·OS의 기본 용어를 설명할 수 있다,1,knowledge,2026-08-15
hd1-itbasics-02,hd1-itbasics|ad1-itbasics,ネットワークの基本用語（IP・DNS・Wi-Fi など）を説明できる,네트워크 기본 용어(IP·DNS·Wi-Fi 등)를 설명할 수 있다,2,knowledge,2026-08-15
hd1-itbasics-03,hd1-itbasics|ad1-itbasics,サーバーとクライアントの違いを説明できる,서버와 클라이언트의 차이를 설명할 수 있다,3,knowledge,2026-08-15
hd1-itbasics-04,hd1-itbasics|ad1-itbasics,クラウドサービスとは何か説明できる,클라우드 서비스란 무엇인지 설명할 수 있다,4,knowledge,2026-08-15
hd1-itbasics-05,hd1-itbasics|ad1-itbasics,認証と認可の違いを説明できる,인증과 인가의 차이를 설명할 수 있다,5,knowledge,2026-08-15
hd1-itbasics-06,hd1-itbasics|ad1-itbasics,ファイル形式・拡張子の違いを説明できる,파일 형식·확장자의 차이를 설명할 수 있다,6,knowledge,2026-08-15
hd1-itbasics-07,hd1-itbasics,基本的なログから時刻と事象を読み取れる,기본적인 로그에서 시각과 사상을 읽어낼 수 있다,7,knowledge,2026-08-15
hd1-itbasics-08,hd1-itbasics|ad1-itbasics,社内で使う主なシステムの用途を説明できる,사내에서 쓰는 주요 시스템의 용도를 설명할 수 있다,8,knowledge,2026-08-15
hd1-itbasics-09,hd1-itbasics,障害・インシデント・要望の違いを説明できる,장애·인시던트·요망의 차이를 설명할 수 있다,9,knowledge,2026-08-15
hd1-itbasics-10,hd1-itbasics|ad1-itbasics,分からない用語を自分で調べて確認できる,모르는 용어를 스스로 찾아 확인할 수 있다,10,practice,2026-08-15
hd1-itbasics-11,hd1-itbasics|ad1-itbasics,調べた内容を自分の言葉で説明できる,찾은 내용을 자기 말로 설명할 수 있다,11,practice,2026-08-15
hd1-security-01,hd1-security,情報の取り扱いルールを説明できる,정보 취급 규칙을 설명할 수 있다,1,knowledge,2026-08-15
hd1-security-02,hd1-security,パスワードの取り扱いルールを説明できる,비밀번호 취급 규칙을 설명할 수 있다,2,knowledge,2026-08-15
hd1-security-03,hd1-security,フィッシングや不審メールの見分け方を説明できる,피싱·수상한 메일의 구분법을 설명할 수 있다,3,knowledge,2026-08-15
hd1-security-04,hd1-security,個人情報にあたるものを説明できる,개인정보에 해당하는 것을 설명할 수 있다,4,knowledge,2026-08-15
hd1-security-05,hd1-security,事故を起こした場合や見つけた場合の連絡先を説明できる,사고를 냈거나 발견했을 때의 연락처를 설명할 수 있다,5,knowledge,2026-08-15
hd1-security-06,hd1-security,利用者にパスワードを聞かない対応ができる,이용자에게 비밀번호를 묻지 않는 대응을 할 수 있다,6,practice,2026-08-15
hd1-security-07,hd1-security,不審な依頼をその場で実行せず確認できる,수상한 의뢰를 그 자리에서 실행하지 않고 확인할 수 있다,7,practice,2026-08-15
hd1-security-08,hd1-security,画面や資料の取り扱いに配慮できる,화면·자료 취급에 배려할 수 있다,8,practice,2026-08-15
hd1-security-09,hd1-security,端末の施錠やロックを徹底できる,단말 시건·잠금을 철저히 할 수 있다,9,practice,2026-08-15
hd1-site-01,hd1-site|ad1-site,自分のチームの役割を説明できる,자기 팀의 역할을 설명할 수 있다,1,knowledge,2026-08-15
hd1-site-02,hd1-site|ad1-site,エスカレーション先と連絡手段を説明できる,에스컬레이션처와 연락 수단을 설명할 수 있다,2,knowledge,2026-08-15
hd1-site-03,hd1-site|ad1-site,対応時間とシフトの体制を説明できる,대응 시간과 시프트 체제를 설명할 수 있다,3,knowledge,2026-08-15
hd1-site-04,hd1-site|ad1-site,主な利用者部署とその業務を説明できる,주요 이용자 부서와 그 업무를 설명할 수 있다,4,knowledge,2026-08-15
hd1-site-05,hd1-site|ad1-site,SLAや対応目標時間の考え方を説明できる,SLA·대응 목표 시간의 사고방식을 설명할 수 있다,5,knowledge,2026-08-15
hd1-site-06,hd1-site|ad1-site,体制図や連絡先を参照して連絡できる,체제도·연락처를 참조해 연락할 수 있다,6,practice,2026-08-15
hd1-site-07,hd1-site|ad1-site,分からないことを聞ける相手を見つけられる,모르는 것을 물어볼 상대를 찾아낼 수 있다,7,practice,2026-08-15
hd2-assess-01,hd2-assess,一次対応から引き継いだ内容を確認して不足を補える,1차 대응에서 인계받은 내용을 확인해 부족한 부분을 보완할 수 있다,1,practice,2026-08-15
hd2-assess-02,hd2-assess,利用者に追加のヒアリングができる,이용자에게 추가 청취를 할 수 있다,2,practice,2026-08-15
hd2-assess-03,hd2-assess,事象の発生条件を特定できる,사상의 발생 조건을 특정할 수 있다,3,practice,2026-08-15
hd2-assess-04,hd2-assess,影響を受けている利用者の範囲を確認できる,영향을 받고 있는 이용자의 범위를 확인할 수 있다,4,practice,2026-08-15
hd2-assess-05,hd2-assess,既知の事象か新規の事象か判断できる,기지 사상인지 신규 사상인지 판단할 수 있다,5,practice,2026-08-15
hd2-assess-06,hd2-assess,対応の優先度を暫定で判断できる,대응 우선도를 잠정적으로 판단할 수 있다,6,practice,2026-08-15
hd2-assess-07,hd2-assess,状況をチケットに整理して記録できる,상황을 티켓에 정리해 기록할 수 있다,7,practice,2026-08-15
hd2-assess-08,hd2-assess,引き継ぎ時に不足しやすい情報を説明できる,인계 시 누락되기 쉬운 정보를 설명할 수 있다,8,knowledge,2026-08-15
hd2-assess-09,hd2-assess,既知事象の管理場所と確認方法を説明できる,기지 사상의 관리 장소와 확인 방법을 설명할 수 있다,9,knowledge,2026-08-15
hd2-diagnose-01,hd2-diagnose,管理画面から対象の設定内容を確認できる,관리 화면에서 대상의 설정 내용을 확인할 수 있다,1,practice,2026-08-15
hd2-diagnose-02,hd2-diagnose,操作履歴や監査ログから経緯を追える,조작 이력·감사 로그로 경위를 추적할 수 있다,2,practice,2026-08-15
hd2-diagnose-03,hd2-diagnose,クライアント側とサーバー側のどちらの問題か切り分けられる,클라이언트 측과 서버 측 중 어느 쪽 문제인지 좁힐 수 있다,3,practice,2026-08-15
hd2-diagnose-04,hd2-diagnose,端末固有の問題か全体の問題か切り分けられる,단말 고유의 문제인지 전체 문제인지 좁힐 수 있다,4,practice,2026-08-15
hd2-diagnose-05,hd2-diagnose,ネットワーク経路のどこで止まっているか確認できる,네트워크 경로의 어디서 멈췄는지 확인할 수 있다,5,practice,2026-08-15
hd2-diagnose-06,hd2-diagnose,事象を再現させて条件を絞れる,사상을 재현시켜 조건을 좁힐 수 있다,6,practice,2026-08-15
hd2-diagnose-07,hd2-diagnose,直近の変更（更新・設定変更）との関連を確認できる,최근 변경(업데이트·설정 변경)과의 관련을 확인할 수 있다,7,practice,2026-08-15
hd2-diagnose-08,hd2-diagnose,切り分けの結果と根拠を後から読める形で残せる,범위 좁히기의 결과와 근거를 나중에 읽을 수 있는 형태로 남길 수 있다,8,practice,2026-08-15
hd2-diagnose-09,hd2-diagnose,ログの種類と、どれを見れば何が分かるか説明できる,로그의 종류와 어느 것을 보면 무엇을 알 수 있는지 설명할 수 있다,9,knowledge,2026-08-15
hd2-diagnose-10,hd2-diagnose,Microsoft 365 管理センターで確認できることを説明できる,Microsoft 365 관리 센터에서 확인할 수 있는 것을 설명할 수 있다,10,knowledge,2026-08-15
hd2-diagnose-11,hd2-diagnose,切り分けの進め方（範囲を半分ずつ狭める等）を説明できる,범위 좁히기의 진행 방식(범위를 절반씩 좁히는 등)을 설명할 수 있다,11,knowledge,2026-08-15
hd2-config-01,hd2-config,Active Directory で利用者やグループの権限を変更できる,Active Directory에서 이용자·그룹의 권한을 변경할 수 있다,1,practice,2026-08-15
hd2-config-02,hd2-config,端末管理ツール（Intune 等）から設定を配布できる,단말 관리 도구(Intune 등)에서 설정을 배포할 수 있다,2,practice,2026-08-15
hd2-config-03,hd2-config,アプリケーションの設定変更に対応できる,애플리케이션의 설정 변경에 대응할 수 있다,3,practice,2026-08-15
hd2-config-04,hd2-config,共有フォルダやメールボックスのアクセス権を変更できる,공유 폴더·메일박스의 접근 권한을 변경할 수 있다,4,practice,2026-08-15
hd2-config-05,hd2-config,変更前に影響範囲を確認できる,변경 전에 영향 범위를 확인할 수 있다,5,practice,2026-08-15
hd2-config-06,hd2-config,変更後に意図どおり反映されたか確認できる,변경 후 의도대로 반영됐는지 확인할 수 있다,6,practice,2026-08-15
hd2-config-07,hd2-config,元に戻す手順を用意してから変更できる,되돌리는 절차를 준비한 뒤 변경할 수 있다,7,practice,2026-08-15
hd2-config-08,hd2-config,変更内容と理由を記録できる,변경 내용과 이유를 기록할 수 있다,8,practice,2026-08-15
hd2-config-09,hd2-config,権限を与えるときの最小権限の考え方を説明できる,권한을 부여할 때의 최소 권한 사고방식을 설명할 수 있다,9,knowledge,2026-08-15
hd2-config-10,hd2-config,変更に承認が必要な範囲を説明できる,변경에 승인이 필요한 범위를 설명할 수 있다,10,knowledge,2026-08-15
hd2-config-11,hd2-config,設定変更が他の利用者に及ぼす影響を説明できる,설정 변경이 다른 이용자에게 미치는 영향을 설명할 수 있다,11,knowledge,2026-08-15
hd2-resolve-01,hd2-resolve,切り分け結果に基づいて解決対応を実施できる,범위 좁히기 결과에 근거해 해결 대응을 실시할 수 있다,1,practice,2026-08-15
hd2-resolve-02,hd2-resolve,手順書に無い事象でも方針を立てて対応できる,절차서에 없는 사상이라도 방침을 세워 대응할 수 있다,2,practice,2026-08-15
hd2-resolve-03,hd2-resolve,対応中の見通しを利用者に伝えられる,대응 중의 전망을 이용자에게 전달할 수 있다,3,practice,2026-08-15
hd2-resolve-04,hd2-resolve,実施した内容と結果を利用者に説明できる,실시한 내용과 결과를 이용자에게 설명할 수 있다,4,practice,2026-08-15
hd2-resolve-05,hd2-resolve,恒久対応と暫定対応を区別して伝えられる,항구 대응과 잠정 대응을 구별해 전달할 수 있다,5,practice,2026-08-15
hd2-resolve-06,hd2-resolve,同じ事象の再発防止策を提案できる,같은 사상의 재발 방지책을 제안할 수 있다,6,practice,2026-08-15
hd2-resolve-07,hd2-resolve,一次対応担当に解決方法を共有できる,1차 대응 담당에게 해결 방법을 공유할 수 있다,7,practice,2026-08-15
hd2-resolve-08,hd2-resolve,暫定対応で止める判断の基準を説明できる,잠정 대응에서 멈추는 판단 기준을 설명할 수 있다,8,knowledge,2026-08-15
hd2-resolve-09,hd2-resolve,利用者に伝える範囲と伝えない方がよい内容を説明できる,이용자에게 전할 범위와 전하지 않는 편이 나은 내용을 설명할 수 있다,9,knowledge,2026-08-15
hd2-close-01,hd2-close,利用者に解決したか確認してから完了にできる,이용자에게 해결됐는지 확인한 뒤 완료로 할 수 있다,1,practice,2026-08-15
hd2-close-02,hd2-close,再発していないことを確認できる,재발하지 않았음을 확인할 수 있다,2,practice,2026-08-15
hd2-close-03,hd2-close,対応結果を記載してチケットをクローズできる,대응 결과를 기재하고 티켓을 클로즈할 수 있다,3,practice,2026-08-15
hd2-close-04,hd2-close,未完了のまま放置されている案件に気づける,미완료 상태로 방치된 안건을 알아챌 수 있다,4,practice,2026-08-15
hd2-close-05,hd2-close,クローズ前に必要な承認や報告を済ませられる,클로즈 전에 필요한 승인·보고를 마칠 수 있다,5,practice,2026-08-15
hd2-close-06,hd2-close,再オープンが必要な場合に判断できる,재오픈이 필요한 경우를 판단할 수 있다,6,practice,2026-08-15
hd2-close-07,hd2-close,クローズしてよい条件を説明できる,클로즈해도 되는 조건을 설명할 수 있다,7,knowledge,2026-08-15
hd2-close-08,hd2-close,SLA上の完了時刻の扱いを説明できる,SLA상 완료 시각의 취급을 설명할 수 있다,8,knowledge,2026-08-15
hd2-escalate-01,hd2-escalate,自分の権限を超える対応を判断してエスカレーションできる,자기 권한을 넘는 대응을 판단해 에스컬레이션할 수 있다,1,practice,2026-08-15
hd2-escalate-02,hd2-escalate,関係部署へ依頼内容を整理して連絡できる,관계 부서에 의뢰 내용을 정리해 연락할 수 있다,2,practice,2026-08-15
hd2-escalate-03,hd2-escalate,ベンダーや外部窓口へ問い合わせできる,벤더·외부 창구에 문의할 수 있다,3,practice,2026-08-15
hd2-escalate-04,hd2-escalate,エスカレーション後も窓口として進行を管理できる,에스컬레이션 후에도 창구로서 진행을 관리할 수 있다,4,practice,2026-08-15
hd2-escalate-05,hd2-escalate,会議体で状況を報告できる,회의체에서 상황을 보고할 수 있다,5,practice,2026-08-15
hd2-escalate-06,hd2-escalate,緊急時に決められた連絡経路で連絡できる,긴급 시 정해진 연락 경로로 연락할 수 있다,6,practice,2026-08-15
hd2-escalate-07,hd2-escalate,エスカレーション先ごとの依頼範囲を説明できる,에스컬레이션처별 의뢰 범위를 설명할 수 있다,7,knowledge,2026-08-15
hd2-escalate-08,hd2-escalate,エスカレーション時に必ず添える情報を説明できる,에스컬레이션 시 반드시 첨부할 정보를 설명할 수 있다,8,knowledge,2026-08-15
hd2-escalate-09,hd2-escalate,緊急連絡の基準を説明できる,긴급 연락의 기준을 설명할 수 있다,9,knowledge,2026-08-15
hd2-record-01,hd2-record,複数の案件を並行して進行管理できる,복수의 안건을 병행해 진행 관리할 수 있다,1,practice,2026-08-15
hd2-record-02,hd2-record,対応中の案件の状況を最新に保てる,대응 중인 안건의 상황을 최신으로 유지할 수 있다,2,practice,2026-08-15
hd2-record-03,hd2-record,滞留しそうな案件を早めに検知できる,체류할 것 같은 안건을 일찍 감지할 수 있다,3,practice,2026-08-15
hd2-record-04,hd2-record,期限や約束を管理して守れる,기한·약속을 관리하고 지킬 수 있다,4,practice,2026-08-15
hd2-record-05,hd2-record,引き継ぎに耐える粒度で記録できる,인계에 견디는 입도로 기록할 수 있다,5,practice,2026-08-15
hd2-record-06,hd2-record,ナレッジとして残す価値のある事象を記録できる,지식으로 남길 가치가 있는 사상을 기록할 수 있다,6,practice,2026-08-15
hd2-record-07,hd2-record,案件のステータスの使い分けを説明できる,안건 상태의 구분 사용을 설명할 수 있다,7,knowledge,2026-08-15
hd2-record-08,hd2-record,記録がナレッジになる条件を説明できる,기록이 지식이 되는 조건을 설명할 수 있다,8,knowledge,2026-08-15
hd3-priority-01,hd3-priority,影響範囲と緊急度から優先度を判断できる,영향 범위와 긴급도로 우선도를 판단할 수 있다,1,practice,2026-08-15
hd3-priority-02,hd3-priority,SLA の期限から着手順を決められる,SLA 기한을 근거로 착수 순서를 정할 수 있다,2,practice,2026-08-15
hd3-priority-03,hd3-priority,複数の障害が同時に起きたとき順序を決められる,복수의 장애가 동시에 발생했을 때 순서를 정할 수 있다,3,practice,2026-08-15
hd3-priority-04,hd3-priority,全社に影響する事象を判断して周知を手配できる,전사에 영향을 주는 사상을 판단해 공지를 준비할 수 있다,4,practice,2026-08-15
hd3-priority-05,hd3-priority,優先度を変更した理由を関係者に説明できる,우선도를 변경한 이유를 관계자에게 설명할 수 있다,5,practice,2026-08-15
hd3-priority-06,hd3-priority,優先度判断の基準をメンバーに示せる,우선도 판단 기준을 멤버에게 제시할 수 있다,6,practice,2026-08-15
hd3-priority-07,hd3-priority,優先度マトリクス（影響度×緊急度）を説明できる,우선도 매트릭스(영향도×긴급도)를 설명할 수 있다,7,knowledge,2026-08-15
hd3-priority-08,hd3-priority,SLA の区分と目標時間を説明できる,SLA의 구분과 목표 시간을 설명할 수 있다,8,knowledge,2026-08-15
hd3-priority-09,hd3-priority,周知が必要になる基準を説明できる,공지가 필요해지는 기준을 설명할 수 있다,9,knowledge,2026-08-15
hd3-assign-01,hd3-assign,案件の内容に応じて担当者を決められる,안건 내용에 따라 담당자를 정할 수 있다,1,practice,2026-08-15
hd3-assign-02,hd3-assign,メンバーの負荷を見て割り振りを調整できる,멤버의 부하를 보고 배분을 조정할 수 있다,2,practice,2026-08-15
hd3-assign-03,hd3-assign,対応できる人がいないとき代替手段を用意できる,대응할 사람이 없을 때 대체 수단을 준비할 수 있다,3,practice,2026-08-15
hd3-assign-04,hd3-assign,シフトと要員配置を調整できる,시프트와 요원 배치를 조정할 수 있다,4,practice,2026-08-15
hd3-assign-05,hd3-assign,急な欠員や繁忙に対応して割り振りを組み替えられる,갑작스러운 결원·번망에 대응해 배분을 재구성할 수 있다,5,practice,2026-08-15
hd3-assign-06,hd3-assign,割り振りの理由をメンバーに説明できる,배분의 이유를 멤버에게 설명할 수 있다,6,practice,2026-08-15
hd3-assign-07,hd3-assign,育成を意識して案件を割り当てられる,육성을 의식해 안건을 배정할 수 있다,7,practice,2026-08-15
hd3-assign-08,hd3-assign,メンバーごとの対応可能範囲を説明できる,멤버별 대응 가능 범위를 설명할 수 있다,8,knowledge,2026-08-15
hd3-assign-09,hd3-assign,割り振りに偏りが生じたときの影響を説明できる,배분에 편중이 생겼을 때의 영향을 설명할 수 있다,9,knowledge,2026-08-15
hd3-progress-01,hd3-progress,未完了案件の一覧を定期的に確認できる,미완료 안건 목록을 정기적으로 확인할 수 있다,1,practice,2026-08-15
hd3-progress-02,hd3-progress,滞留している案件の原因を特定できる,체류 중인 안건의 원인을 특정할 수 있다,2,practice,2026-08-15
hd3-progress-03,hd3-progress,滞留案件の解消を担当者と調整できる,체류 안건의 해소를 담당자와 조정할 수 있다,3,practice,2026-08-15
hd3-progress-04,hd3-progress,期限超過の見込みを事前に検知できる,기한 초과 가능성을 사전에 감지할 수 있다,4,practice,2026-08-15
hd3-progress-05,hd3-progress,対応件数や滞留状況を集計できる,대응 건수·체류 상황을 집계할 수 있다,5,practice,2026-08-15
hd3-progress-06,hd3-progress,状況を上長へ定期的に報告できる,상황을 상사에게 정기적으로 보고할 수 있다,6,practice,2026-08-15
hd3-progress-07,hd3-progress,積み残しを翌日や次シフトへ確実に引き継げる,남은 일을 다음 날·다음 시프트로 확실히 인계할 수 있다,7,practice,2026-08-15
hd3-progress-08,hd3-progress,滞留の代表的な原因を説明できる,체류의 대표적인 원인을 설명할 수 있다,8,knowledge,2026-08-15
hd3-progress-09,hd3-progress,何をもって進んでいないと判断するか説明できる,무엇을 근거로 진행되지 않는다고 판단하는지 설명할 수 있다,9,knowledge,2026-08-15
hd3-quality-01,hd3-quality,メンバーの回答内容を確認して誤りを指摘できる,멤버의 답변 내용을 확인해 오류를 지적할 수 있다,1,practice,2026-08-15
hd3-quality-02,hd3-quality,対応漏れや確認不足を見つけられる,대응 누락·확인 부족을 찾아낼 수 있다,2,practice,2026-08-15
hd3-quality-03,hd3-quality,記録の書き方を確認して改善を指示できる,기록 작성 방식을 확인해 개선을 지시할 수 있다,3,practice,2026-08-15
hd3-quality-04,hd3-quality,設定変更の内容をクロスチェックできる,설정 변경 내용을 크로스체크할 수 있다,4,practice,2026-08-15
hd3-quality-05,hd3-quality,利用者からの指摘をもとに対応を振り返れる,이용자의 지적을 바탕으로 대응을 되돌아볼 수 있다,5,practice,2026-08-15
hd3-quality-06,hd3-quality,良い対応事例をチームに共有できる,좋은 대응 사례를 팀에 공유할 수 있다,6,practice,2026-08-15
hd3-quality-07,hd3-quality,確認すべき観点（正確さ・伝え方・記録）を説明できる,확인해야 할 관점(정확성·전달 방식·기록)을 설명할 수 있다,7,knowledge,2026-08-15
hd3-quality-08,hd3-quality,クロスチェックが必要な作業の基準を説明できる,크로스체크가 필요한 작업의 기준을 설명할 수 있다,8,knowledge,2026-08-15
hd3-quality-09,hd3-quality,指摘の伝え方で気をつける点を説明できる,지적을 전달할 때 주의할 점을 설명할 수 있다,9,knowledge,2026-08-15
hd3-support-01,hd3-support,メンバーからの相談に対して判断を示せる,멤버의 상담에 대해 판단을 제시할 수 있다,1,practice,2026-08-15
hd3-support-02,hd3-support,判断に迷う案件を一緒に切り分けられる,판단이 어려운 안건을 함께 좁혀갈 수 있다,2,practice,2026-08-15
hd3-support-03,hd3-support,新しく入ったメンバーに業務を説明できる,새로 들어온 멤버에게 업무를 설명할 수 있다,3,practice,2026-08-15
hd3-support-04,hd3-support,メンバーの疑問を FAQ や手順書に反映できる,멤버의 의문을 FAQ·절차서에 반영할 수 있다,4,practice,2026-08-15
hd3-support-05,hd3-support,関係部署との窓口として調整できる,관계 부서와의 창구로서 조정할 수 있다,5,practice,2026-08-15
hd3-support-06,hd3-support,チーム内の情報共有の場を運営できる,팀 내 정보 공유의 장을 운영할 수 있다,6,practice,2026-08-15
hd3-support-07,hd3-support,判断の理由を伝えて次から自分でできるようにできる,판단의 이유를 전달해 다음부터 스스로 할 수 있게 만들 수 있다,7,practice,2026-08-15
hd3-support-08,hd3-support,自分で判断させる場合と引き取る場合の線引きを説明できる,스스로 판단하게 할 경우와 넘겨받을 경우의 경계를 설명할 수 있다,8,knowledge,2026-08-15
hd3-support-09,hd3-support,相談を受けたときに確認する項目を説明できる,상담을 받았을 때 확인할 항목을 설명할 수 있다,9,knowledge,2026-08-15
hd3-support-10,hd3-support,メンバーが同じ質問を繰り返す原因を説明できる,멤버가 같은 질문을 반복하는 원인을 설명할 수 있다,10,knowledge,2026-08-15
hd3-knowledge-01,hd3-knowledge,頻出する問い合わせを FAQ に追加できる,자주 나오는 문의를 FAQ에 추가할 수 있다,1,practice,2026-08-15
hd3-knowledge-02,hd3-knowledge,手順書の誤りや古い記述を更新できる,절차서의 오류·낡은 기술을 갱신할 수 있다,2,practice,2026-08-15
hd3-knowledge-03,hd3-knowledge,新しい事象の対応手順を作成できる,새로운 사상의 대응 절차를 작성할 수 있다,3,practice,2026-08-15
hd3-knowledge-04,hd3-knowledge,一次対応で完結できるよう手順書を整えられる,1차 대응으로 완결할 수 있도록 절차서를 정비할 수 있다,4,practice,2026-08-15
hd3-knowledge-05,hd3-knowledge,手順書の内容をメンバーに周知できる,절차서의 내용을 멤버에게 주지시킬 수 있다,5,practice,2026-08-15
hd3-knowledge-06,hd3-knowledge,使われていないナレッジを見直せる,사용되지 않는 지식을 재검토할 수 있다,6,practice,2026-08-15
hd3-knowledge-07,hd3-knowledge,ナレッジの置き場所と探し方を整理できる,지식의 보관 장소와 찾는 법을 정리할 수 있다,7,practice,2026-08-15
hd3-knowledge-08,hd3-knowledge,手順書に書くべき粒度を説明できる,절차서에 써야 할 입도를 설명할 수 있다,8,knowledge,2026-08-15
hd3-knowledge-09,hd3-knowledge,FAQ にする基準を説明できる,FAQ로 만드는 기준을 설명할 수 있다,9,knowledge,2026-08-15
ad1-intake-01,ad1-intake,メールで届いた依頼を受け付けられる,메일로 온 의뢰를 접수할 수 있다,1,practice,2026-08-15
ad1-intake-02,ad1-intake,社内システムから申請を受け付けられる,사내 시스템에서 신청을 접수할 수 있다,2,practice,2026-08-15
ad1-intake-03,ad1-intake,依頼内容と期限を確認して記録できる,의뢰 내용과 기한을 확인해 기록할 수 있다,3,practice,2026-08-15
ad1-intake-04,ad1-intake,依頼者と依頼部署を確認できる,의뢰자와 의뢰 부서를 확인할 수 있다,4,practice,2026-08-15
ad1-intake-05,ad1-intake,受け付けた旨を依頼者へ返せる,접수했음을 의뢰자에게 회신할 수 있다,5,practice,2026-08-15
ad1-intake-06,ad1-intake,依頼を管理表に登録できる,의뢰를 관리표에 등록할 수 있다,6,practice,2026-08-15
ad1-intake-07,ad1-intake,受付の重複や取り下げに気づける,접수 중복이나 철회를 알아챌 수 있다,7,practice,2026-08-15
ad1-intake-08,ad1-intake,受け付けてよい依頼の範囲を説明できる,접수해도 되는 의뢰의 범위를 설명할 수 있다,8,knowledge,2026-08-15
ad1-intake-09,ad1-intake,受付時に確認すべき項目を説明できる,접수 시 확인해야 할 항목을 설명할 수 있다,9,knowledge,2026-08-15
ad1-verify-01,ad1-verify,申請書の記入内容を確認できる,신청서의 기재 내용을 확인할 수 있다,1,practice,2026-08-15
ad1-verify-02,ad1-verify,添付資料の内容を確認できる,첨부 자료의 내용을 확인할 수 있다,2,practice,2026-08-15
ad1-verify-03,ad1-verify,PDFや画像の資料を読み取って確認できる,PDF·이미지 자료를 읽어 확인할 수 있다,3,practice,2026-08-15
ad1-verify-04,ad1-verify,申請内容と社内ルールの整合を確認できる,신청 내용과 사내 규칙의 정합성을 확인할 수 있다,4,practice,2026-08-15
ad1-verify-05,ad1-verify,過去の同種申請と照らして確認できる,과거의 같은 종류 신청과 대조해 확인할 수 있다,5,practice,2026-08-15
ad1-verify-06,ad1-verify,金額や日付などの数値を確認できる,금액·날짜 등 수치를 확인할 수 있다,6,practice,2026-08-15
ad1-verify-07,ad1-verify,誤りを見つけたとき申請者へ差し戻せる,오류를 발견했을 때 신청자에게 반려할 수 있다,7,practice,2026-08-15
ad1-verify-08,ad1-verify,確認すべき項目とその優先順を説明できる,확인해야 할 항목과 그 우선순위를 설명할 수 있다,8,knowledge,2026-08-15
ad1-verify-09,ad1-verify,差し戻す場合と補記で済む場合の違いを説明できる,반려할 경우와 보완 기재로 끝나는 경우의 차이를 설명할 수 있다,9,knowledge,2026-08-15
ad1-verify-10,ad1-verify,誤りが後工程に与える影響を説明できる,오류가 후속 공정에 미치는 영향을 설명할 수 있다,10,knowledge,2026-08-15
ad1-check-01,ad1-check,チェックリストに沿って必要書類の有無を確認できる,체크리스트에 따라 필요 서류의 유무를 확인할 수 있다,1,practice,2026-08-15
ad1-check-02,ad1-check,不足している書類を特定できる,부족한 서류를 특정할 수 있다,2,practice,2026-08-15
ad1-check-03,ad1-check,不足分の提出を依頼者へ依頼できる,부족분의 제출을 의뢰자에게 요청할 수 있다,3,practice,2026-08-15
ad1-check-04,ad1-check,提出期限を伝えて追跡できる,제출 기한을 전달하고 추적할 수 있다,4,practice,2026-08-15
ad1-check-05,ad1-check,揃った時点で次工程へ渡せる,갖춰진 시점에 다음 공정으로 넘길 수 있다,5,practice,2026-08-15
ad1-check-06,ad1-check,例外的に不足のまま進める判断を仰げる,예외적으로 부족한 채 진행하는 판단을 상신할 수 있다,6,practice,2026-08-15
ad1-check-07,ad1-check,申請の種類ごとに必要な書類を説明できる,신청 종류별로 필요한 서류를 설명할 수 있다,7,knowledge,2026-08-15
ad1-check-08,ad1-check,不備と不足の違いを説明できる,불비와 부족의 차이를 설명할 수 있다,8,knowledge,2026-08-15
ad1-check-09,ad1-check,書類が揃わないまま進めた場合のリスクを説明できる,서류가 갖춰지지 않은 채 진행했을 때의 위험을 설명할 수 있다,9,knowledge,2026-08-15
ad1-routine-01,ad1-routine,社内システムへ定型的な入力ができる,사내 시스템에 정형 입력을 할 수 있다,1,practice,2026-08-15
ad1-routine-02,ad1-routine,手順書に沿って登録作業ができる,절차서에 따라 등록 작업을 할 수 있다,2,practice,2026-08-15
ad1-routine-03,ad1-routine,既存データの更新作業ができる,기존 데이터의 갱신 작업을 할 수 있다,3,practice,2026-08-15
ad1-routine-04,ad1-routine,入力後に内容を見直して誤りを防げる,입력 후 내용을 재확인해 오류를 막을 수 있다,4,practice,2026-08-15
ad1-routine-05,ad1-routine,一括処理をルールに沿って実施できる,일괄 처리를 규칙에 따라 실시할 수 있다,5,practice,2026-08-15
ad1-routine-06,ad1-routine,処理件数と処理日を記録できる,처리 건수와 처리일을 기록할 수 있다,6,practice,2026-08-15
ad1-routine-07,ad1-routine,締切に間に合うよう自分の作業を配分できる,마감에 맞추도록 자기 작업을 배분할 수 있다,7,practice,2026-08-15
ad1-routine-08,ad1-routine,手順書に無い操作を求められたとき確認できる,절차서에 없는 조작을 요구받았을 때 확인할 수 있다,8,practice,2026-08-15
ad1-routine-09,ad1-routine,入力ミスが起きやすい箇所を説明できる,입력 실수가 나기 쉬운 곳을 설명할 수 있다,9,knowledge,2026-08-15
ad1-routine-10,ad1-routine,手順書の版と参照先を説明できる,절차서의 판과 참조처를 설명할 수 있다,10,knowledge,2026-08-15
ad1-record-01,ad1-record,処理結果を管理表に記録できる,처리 결과를 관리표에 기록할 수 있다,1,practice,2026-08-15
ad1-record-02,ad1-record,誰が何をいつ処理したか残せる,누가 무엇을 언제 처리했는지 남길 수 있다,2,practice,2026-08-15
ad1-record-03,ad1-record,処理結果を依頼者へ共有できる,처리 결과를 의뢰자에게 공유할 수 있다,3,practice,2026-08-15
ad1-record-04,ad1-record,関係部署へ必要な範囲で共有できる,관계 부서에 필요한 범위로 공유할 수 있다,4,practice,2026-08-15
ad1-record-05,ad1-record,後から読む人が分かる書き方で記録できる,나중에 읽는 사람이 알 수 있는 방식으로 기록할 수 있다,5,practice,2026-08-15
ad1-record-06,ad1-record,判断に迷ったときに相談できる,판단이 망설여질 때 상담할 수 있다,6,practice,2026-08-15
ad1-record-07,ad1-record,記録に残す項目を説明できる,기록에 남길 항목을 설명할 수 있다,7,knowledge,2026-08-15
ad1-record-08,ad1-record,共有する相手と範囲の決め方を説明できる,공유할 상대와 범위를 정하는 방법을 설명할 수 있다,8,knowledge,2026-08-15
ad1-record-09,ad1-record,報告・連絡・相談の使い分けを説明できる,보고·연락·상담의 구분을 설명할 수 있다,9,knowledge,2026-08-15
ad1-escalate-01,ad1-escalate,自分で判断してよい範囲を見極められる,스스로 판단해도 되는 범위를 가늠할 수 있다,1,practice,2026-08-15
ad1-escalate-02,ad1-escalate,判断がつかない案件を上位へ相談できる,판단이 서지 않는 안건을 상위에 상담할 수 있다,2,practice,2026-08-15
ad1-escalate-03,ad1-escalate,相談時に経緯と論点を整理して伝えられる,상담 시 경위와 논점을 정리해 전달할 수 있다,3,practice,2026-08-15
ad1-escalate-04,ad1-escalate,承認が必要な依頼を判断して回せる,승인이 필요한 의뢰를 판단해 회부할 수 있다,4,practice,2026-08-15
ad1-escalate-05,ad1-escalate,相談した結果を記録して次に活かせる,상담 결과를 기록해 다음에 활용할 수 있다,5,practice,2026-08-15
ad1-escalate-06,ad1-escalate,自分の判断範囲を説明できる,자기 판단 범위를 설명할 수 있다,6,knowledge,2026-08-15
ad1-escalate-07,ad1-escalate,承認が必要な依頼の条件を説明できる,승인이 필요한 의뢰의 조건을 설명할 수 있다,7,knowledge,2026-08-15
ad1-escalate-08,ad1-escalate,相談するときに必ず添える情報を説明できる,상담할 때 반드시 첨부할 정보를 설명할 수 있다,8,knowledge,2026-08-15
ad1-office-01,ad1-office,文書を作成して体裁を整えられる,문서를 작성하고 체재를 정리할 수 있다,1,practice,2026-08-15
ad1-office-02,ad1-office,表を作成して見やすく整えられる,표를 작성해 보기 쉽게 정리할 수 있다,2,practice,2026-08-15
ad1-office-03,ad1-office,表計算の基本的な関数を使える,스프레드시트의 기본 함수를 쓸 수 있다,3,practice,2026-08-15
ad1-office-04,ad1-office,データの並べ替えや絞り込みができる,데이터 정렬·필터링을 할 수 있다,4,practice,2026-08-15
ad1-office-05,ad1-office,PDF の作成と結合ができる,PDF 작성과 병합을 할 수 있다,5,practice,2026-08-15
ad1-office-06,ad1-office,定型フォーマットを崩さずに更新できる,정형 포맷을 무너뜨리지 않고 갱신할 수 있다,6,practice,2026-08-15
ad1-office-07,ad1-office,資料を印刷・配布できる形に整えられる,자료를 인쇄·배포 가능한 형태로 정리할 수 있다,7,practice,2026-08-15
ad1-office-08,ad1-office,表計算でよく使う関数と用途を説明できる,스프레드시트에서 자주 쓰는 함수와 용도를 설명할 수 있다,8,knowledge,2026-08-15
ad1-office-09,ad1-office,ファイル形式ごとの使い分けを説明できる,파일 형식별 사용 구분을 설명할 수 있다,9,knowledge,2026-08-15
ad1-office-10,ad1-office,文字化けや書式崩れのよくある原因を説明できる,문자 깨짐·서식 붕괴의 흔한 원인을 설명할 수 있다,10,knowledge,2026-08-15
ad1-manner-01,ad1-manner,依頼者へ手続きの流れを説明できる,의뢰자에게 절차의 흐름을 설명할 수 있다,1,practice,2026-08-15
ad1-manner-02,ad1-manner,必要な情報を過不足なく聞き取れる,필요한 정보를 과부족 없이 청취할 수 있다,2,practice,2026-08-15
ad1-manner-03,ad1-manner,待たせるときに理由と目安を伝えられる,기다리게 할 때 이유와 예상 시간을 전달할 수 있다,3,practice,2026-08-15
ad1-manner-04,ad1-manner,できないことを理由とともに伝えられる,할 수 없는 것을 이유와 함께 전달할 수 있다,4,practice,2026-08-15
ad1-manner-05,ad1-manner,催促を角が立たない形で伝えられる,독촉을 모나지 않게 전달할 수 있다,5,practice,2026-08-15
ad1-manner-06,ad1-manner,依頼者の意図を確認してから進められる,의뢰자의 의도를 확인한 뒤 진행할 수 있다,6,practice,2026-08-15
ad1-manner-07,ad1-manner,社内向けの基本的な言葉づかいを説明できる,사내용 기본적인 말투를 설명할 수 있다,7,knowledge,2026-08-15
ad1-manner-08,ad1-manner,独断で約束してはいけないことを説明できる,독단으로 약속하면 안 되는 것을 설명할 수 있다,8,knowledge,2026-08-15
ad1-manner-09,ad1-manner,依頼内容が曖昧なときの聞き方を説明できる,의뢰 내용이 모호할 때의 질문법을 설명할 수 있다,9,knowledge,2026-08-15
ad1-security-01,ad1-security,個人情報にあたるものを説明できる,개인정보에 해당하는 것을 설명할 수 있다,1,knowledge,2026-08-15
ad1-security-02,ad1-security,書類の保管と廃棄のルールを説明できる,서류의 보관·폐기 규칙을 설명할 수 있다,2,knowledge,2026-08-15
ad1-security-03,ad1-security,情報を共有してよい範囲を説明できる,정보를 공유해도 되는 범위를 설명할 수 있다,3,knowledge,2026-08-15
ad1-security-04,ad1-security,持ち出し・送付のルールを説明できる,반출·송부 규칙을 설명할 수 있다,4,knowledge,2026-08-15
ad1-security-05,ad1-security,事故を起こした場合や見つけた場合の連絡先を説明できる,사고를 냈거나 발견했을 때의 연락처를 설명할 수 있다,5,knowledge,2026-08-15
ad1-security-06,ad1-security,宛先や添付を送信前に確認できる,수신처·첨부를 발송 전에 확인할 수 있다,6,practice,2026-08-15
ad1-security-07,ad1-security,机上や画面に書類を放置しない対応ができる,책상·화면에 서류를 방치하지 않는 대응을 할 수 있다,7,practice,2026-08-15
ad1-security-08,ad1-security,不審な依頼をその場で処理せず確認できる,수상한 의뢰를 그 자리에서 처리하지 않고 확인할 수 있다,8,practice,2026-08-15
ad1-security-09,ad1-security,保管期限を守って書類を扱える,보관 기한을 지켜 서류를 다룰 수 있다,9,practice,2026-08-15
ad1-security-10,ad1-security,共有設定を必要な範囲に絞れる,공유 설정을 필요한 범위로 좁힐 수 있다,10,practice,2026-08-15
ad2-gap-01,ad2-gap,申請内容から不足している情報を洗い出せる,신청 내용에서 부족한 정보를 찾아낼 수 있다,1,practice,2026-08-15
ad2-gap-02,ad2-gap,確認すべき点を整理して一覧にできる,확인할 점을 정리해 목록으로 만들 수 있다,2,practice,2026-08-15
ad2-gap-03,ad2-gap,誰に確認すべきか判断できる,누구에게 확인해야 할지 판단할 수 있다,3,practice,2026-08-15
ad2-gap-04,ad2-gap,確認依頼をまとめて出せる,확인 의뢰를 한꺼번에 낼 수 있다,4,practice,2026-08-15
ad2-gap-05,ad2-gap,回答期限を設けて追跡できる,회신 기한을 정하고 추적할 수 있다,5,practice,2026-08-15
ad2-gap-06,ad2-gap,回答が揃わないとき代替の進め方を出せる,회신이 갖춰지지 않을 때 대체 진행 방법을 낼 수 있다,6,practice,2026-08-15
ad2-gap-07,ad2-gap,確認結果を申請内容へ反映できる,확인 결과를 신청 내용에 반영할 수 있다,7,practice,2026-08-15
ad2-gap-08,ad2-gap,洗い出しで見落としやすい観点を説明できる,파악 시 놓치기 쉬운 관점을 설명할 수 있다,8,knowledge,2026-08-15
ad2-gap-09,ad2-gap,まとめて確認する利点を説明できる,한꺼번에 확인하는 이점을 설명할 수 있다,9,knowledge,2026-08-15
ad2-coordinate-01,ad2-coordinate,申請者と担当部署の間に立って調整できる,신청자와 담당 부서 사이에서 조정할 수 있다,1,practice,2026-08-15
ad2-coordinate-02,ad2-coordinate,複数部署にまたがる依頼を取りまとめられる,여러 부서에 걸친 의뢰를 취합할 수 있다,2,practice,2026-08-15
ad2-coordinate-03,ad2-coordinate,関係者の都合を踏まえて日程を調整できる,관계자의 사정을 고려해 일정을 조정할 수 있다,3,practice,2026-08-15
ad2-coordinate-04,ad2-coordinate,意見が食い違う点を整理して合意を作れる,의견이 엇갈리는 점을 정리해 합의를 만들 수 있다,4,practice,2026-08-15
ad2-coordinate-05,ad2-coordinate,決まったことを関係者へ周知できる,정해진 것을 관계자에게 주지시킬 수 있다,5,practice,2026-08-15
ad2-coordinate-06,ad2-coordinate,相手に応じて伝え方を変えられる,상대에 따라 전달 방식을 바꿀 수 있다,6,practice,2026-08-15
ad2-coordinate-07,ad2-coordinate,情報を渡してよい範囲を判断できる,정보를 전달해도 되는 범위를 판단할 수 있다,7,practice,2026-08-15
ad2-coordinate-08,ad2-coordinate,調整が難航しやすい場面を説明できる,조정이 난항을 겪기 쉬운 상황을 설명할 수 있다,8,knowledge,2026-08-15
ad2-coordinate-09,ad2-coordinate,部署ごとの役割と窓口を説明できる,부서별 역할과 창구를 설명할 수 있다,9,knowledge,2026-08-15
ad2-coordinate-10,ad2-coordinate,共有してよい情報の線引きを説明できる,공유해도 되는 정보의 경계를 설명할 수 있다,10,knowledge,2026-08-15
ad2-order-01,ad2-order,依頼事項を分解して作業単位にできる,의뢰 사항을 분해해 작업 단위로 만들 수 있다,1,practice,2026-08-15
ad2-order-02,ad2-order,依存関係を踏まえて順序を決められる,의존 관계를 고려해 순서를 정할 수 있다,2,practice,2026-08-15
ad2-order-03,ad2-order,締切から逆算して着手日を決められる,마감에서 역산해 착수일을 정할 수 있다,3,practice,2026-08-15
ad2-order-04,ad2-order,管理表やToDoに落として運用できる,관리표·ToDo로 옮겨 운용할 수 있다,4,practice,2026-08-15
ad2-order-05,ad2-order,手戻りが起きたとき順序を組み直せる,재작업이 생겼을 때 순서를 다시 짤 수 있다,5,practice,2026-08-15
ad2-order-06,ad2-order,定型化できる作業を見つけて手順にできる,정형화할 수 있는 작업을 찾아 절차로 만들 수 있다,6,practice,2026-08-15
ad2-order-07,ad2-order,社内システムの機能を使って効率化できる,사내 시스템 기능을 써서 효율화할 수 있다,7,practice,2026-08-15
ad2-order-08,ad2-order,順序を誤ると何が起きるか説明できる,순서를 잘못하면 무엇이 일어나는지 설명할 수 있다,8,knowledge,2026-08-15
ad2-order-09,ad2-order,定型化してよい作業の条件を説明できる,정형화해도 되는 작업의 조건을 설명할 수 있다,9,knowledge,2026-08-15
ad2-order-10,ad2-order,管理表に持たせる項目を説明できる,관리표에 담을 항목을 설명할 수 있다,10,knowledge,2026-08-15
ad2-handover-01,ad2-handover,確認結果を整理して次の担当へ渡せる,확인 결과를 정리해 다음 담당에게 넘길 수 있다,1,practice,2026-08-15
ad2-handover-02,ad2-handover,引き継ぎ時に判断の経緯を添えられる,인계 시 판단의 경위를 첨부할 수 있다,2,practice,2026-08-15
ad2-handover-03,ad2-handover,引き継ぎ後も完了まで見届けられる,인계 후에도 완료까지 지켜볼 수 있다,3,practice,2026-08-15
ad2-handover-04,ad2-handover,引き継ぎ先が不在のとき代替を立てられる,인계처가 부재일 때 대체를 세울 수 있다,4,practice,2026-08-15
ad2-handover-05,ad2-handover,自分の担当分と他者の担当分を切り分けられる,자기 담당분과 타인의 담당분을 구분할 수 있다,5,practice,2026-08-15
ad2-handover-06,ad2-handover,引き継ぎ漏れに気づける,인계 누락을 알아챌 수 있다,6,practice,2026-08-15
ad2-handover-07,ad2-handover,引き継ぎ時に必ず添える情報を説明できる,인계 시 반드시 첨부할 정보를 설명할 수 있다,7,knowledge,2026-08-15
ad2-handover-08,ad2-handover,引き継ぎと丸投げの違いを説明できる,인계와 떠넘기기의 차이를 설명할 수 있다,8,knowledge,2026-08-15
ad2-record-01,ad2-record,複数の案件を並行して進行管理できる,복수의 안건을 병행해 진행 관리할 수 있다,1,practice,2026-08-15
ad2-record-02,ad2-record,案件の状況を最新に保てる,안건의 상황을 최신으로 유지할 수 있다,2,practice,2026-08-15
ad2-record-03,ad2-record,滞留しそうな案件を早めに検知できる,체류할 것 같은 안건을 일찍 감지할 수 있다,3,practice,2026-08-15
ad2-record-04,ad2-record,期限や約束を管理して守れる,기한·약속을 관리하고 지킬 수 있다,4,practice,2026-08-15
ad2-record-05,ad2-record,引き継ぎに耐える粒度で記録できる,인계에 견디는 입도로 기록할 수 있다,5,practice,2026-08-15
ad2-record-06,ad2-record,記録から件数や傾向を集計できる,기록에서 건수·경향을 집계할 수 있다,6,practice,2026-08-15
ad2-record-07,ad2-record,案件の状態区分の使い分けを説明できる,안건 상태 구분의 사용법을 설명할 수 있다,7,knowledge,2026-08-15
ad2-record-08,ad2-record,記録が後で役に立つ条件を説明できる,기록이 나중에 도움이 되는 조건을 설명할 수 있다,8,knowledge,2026-08-15
ad2-close-01,ad2-close,依頼者に完了を確認してから締められる,의뢰자에게 완료를 확인한 뒤 마감할 수 있다,1,practice,2026-08-15
ad2-close-02,ad2-close,処理結果と証跡が揃っているか確認できる,처리 결과와 증적이 갖춰졌는지 확인할 수 있다,2,practice,2026-08-15
ad2-close-03,ad2-close,未完了のまま放置された案件に気づける,미완료로 방치된 안건을 알아챌 수 있다,3,practice,2026-08-15
ad2-close-04,ad2-close,締める前に必要な承認を得られる,마감 전에 필요한 승인을 받을 수 있다,4,practice,2026-08-15
ad2-close-05,ad2-close,締めた案件を保管ルールに沿って整理できる,마감한 안건을 보관 규칙에 따라 정리할 수 있다,5,practice,2026-08-15
ad2-close-06,ad2-close,差し戻しが必要な場合を判断できる,반려가 필요한 경우를 판단할 수 있다,6,practice,2026-08-15
ad2-close-07,ad2-close,締めてよい条件を説明できる,마감해도 되는 조건을 설명할 수 있다,7,knowledge,2026-08-15
ad2-close-08,ad2-close,締めた後に修正が必要になった場合の扱いを説明できる,마감 후 수정이 필요해진 경우의 취급을 설명할 수 있다,8,knowledge,2026-08-15
ad3-priority-01,ad3-priority,締切と影響範囲から優先度を判断できる,마감과 영향 범위로 우선도를 판단할 수 있다,1,practice,2026-08-15
ad3-priority-02,ad3-priority,複数の締切が重なったとき順序を決められる,복수의 마감이 겹쳤을 때 순서를 정할 수 있다,2,practice,2026-08-15
ad3-priority-03,ad3-priority,優先度を変えた理由を関係者へ説明できる,우선도를 바꾼 이유를 관계자에게 설명할 수 있다,3,practice,2026-08-15
ad3-priority-04,ad3-priority,割り込み依頼を判断して差し込める,끼어드는 의뢰를 판단해 끼워 넣을 수 있다,4,practice,2026-08-15
ad3-priority-05,ad3-priority,全体に影響する遅延を早期に共有できる,전체에 영향을 주는 지연을 조기에 공유할 수 있다,5,practice,2026-08-15
ad3-priority-06,ad3-priority,優先度の基準をメンバーに示せる,우선도 기준을 멤버에게 제시할 수 있다,6,practice,2026-08-15
ad3-priority-07,ad3-priority,優先度を決める観点を説明できる,우선도를 정하는 관점을 설명할 수 있다,7,knowledge,2026-08-15
ad3-priority-08,ad3-priority,締切に種類があることを説明できる,마감에 종류가 있음을 설명할 수 있다,8,knowledge,2026-08-15
ad3-priority-09,ad3-priority,割り込みを受けるかどうかの基準を説明できる,끼어드는 의뢰를 받을지의 기준을 설명할 수 있다,9,knowledge,2026-08-15
ad3-assign-01,ad3-assign,案件の内容に応じて担当者を決められる,안건 내용에 따라 담당자를 정할 수 있다,1,practice,2026-08-15
ad3-assign-02,ad3-assign,メンバーの負荷を見て割り振りを調整できる,멤버의 부하를 보고 배분을 조정할 수 있다,2,practice,2026-08-15
ad3-assign-03,ad3-assign,対応できる人がいないとき代替手段を用意できる,대응할 사람이 없을 때 대체 수단을 준비할 수 있다,3,practice,2026-08-15
ad3-assign-04,ad3-assign,繁忙期に向けて要員配置を組める,번망기에 대비해 요원 배치를 짤 수 있다,4,practice,2026-08-15
ad3-assign-05,ad3-assign,急な欠員に対応して割り振りを組み替えられる,갑작스러운 결원에 대응해 배분을 재구성할 수 있다,5,practice,2026-08-15
ad3-assign-06,ad3-assign,割り振りの理由をメンバーに説明できる,배분의 이유를 멤버에게 설명할 수 있다,6,practice,2026-08-15
ad3-assign-07,ad3-assign,育成を意識して案件を割り当てられる,육성을 의식해 안건을 배정할 수 있다,7,practice,2026-08-15
ad3-assign-08,ad3-assign,メンバーごとの対応可能範囲を説明できる,멤버별 대응 가능 범위를 설명할 수 있다,8,knowledge,2026-08-15
ad3-assign-09,ad3-assign,割り振りが偏ったときの影響を説明できる,배분이 편중됐을 때의 영향을 설명할 수 있다,9,knowledge,2026-08-15
ad3-progress-01,ad3-progress,未完了案件の一覧を定期的に確認できる,미완료 안건 목록을 정기적으로 확인할 수 있다,1,practice,2026-08-15
ad3-progress-02,ad3-progress,滞留している案件の原因を特定できる,체류 중인 안건의 원인을 특정할 수 있다,2,practice,2026-08-15
ad3-progress-03,ad3-progress,滞留の解消を担当者と調整できる,체류 해소를 담당자와 조정할 수 있다,3,practice,2026-08-15
ad3-progress-04,ad3-progress,期限超過の見込みを事前に検知できる,기한 초과 가능성을 사전에 감지할 수 있다,4,practice,2026-08-15
ad3-progress-05,ad3-progress,処理件数や滞留状況を集計できる,처리 건수·체류 상황을 집계할 수 있다,5,practice,2026-08-15
ad3-progress-06,ad3-progress,状況を上長へ定期的に報告できる,상황을 상사에게 정기적으로 보고할 수 있다,6,practice,2026-08-15
ad3-progress-07,ad3-progress,積み残しを翌日へ確実に引き継げる,남은 일을 다음 날로 확실히 인계할 수 있다,7,practice,2026-08-15
ad3-progress-08,ad3-progress,滞留の代表的な原因を説明できる,체류의 대표적인 원인을 설명할 수 있다,8,knowledge,2026-08-15
ad3-progress-09,ad3-progress,何をもって進んでいないと判断するか説明できる,무엇을 근거로 진행되지 않는다고 판단하는지 설명할 수 있다,9,knowledge,2026-08-15
ad3-quality-01,ad3-quality,メンバーの入力内容を確認して誤りを指摘できる,멤버의 입력 내용을 확인해 오류를 지적할 수 있다,1,practice,2026-08-15
ad3-quality-02,ad3-quality,確認漏れや処理漏れを見つけられる,확인 누락·처리 누락을 찾아낼 수 있다,2,practice,2026-08-15
ad3-quality-03,ad3-quality,記録の書き方を確認して改善を指示できる,기록 작성 방식을 확인해 개선을 지시할 수 있다,3,practice,2026-08-15
ad3-quality-04,ad3-quality,二重チェックが必要な作業を切り分けられる,이중 확인이 필요한 작업을 구분할 수 있다,4,practice,2026-08-15
ad3-quality-05,ad3-quality,誤りの傾向から再発防止策を出せる,오류의 경향에서 재발 방지책을 낼 수 있다,5,practice,2026-08-15
ad3-quality-06,ad3-quality,良い処理例をチームに共有できる,좋은 처리 사례를 팀에 공유할 수 있다,6,practice,2026-08-15
ad3-quality-07,ad3-quality,確認すべき観点を説明できる,확인해야 할 관점을 설명할 수 있다,7,knowledge,2026-08-15
ad3-quality-08,ad3-quality,二重チェックが必要な作業の基準を説明できる,이중 확인이 필요한 작업의 기준을 설명할 수 있다,8,knowledge,2026-08-15
ad3-quality-09,ad3-quality,指摘の伝え方で気をつける点を説明できる,지적을 전달할 때 주의할 점을 설명할 수 있다,9,knowledge,2026-08-15
ad3-support-01,ad3-support,メンバーからの相談に対して判断を示せる,멤버의 상담에 대해 판단을 제시할 수 있다,1,practice,2026-08-15
ad3-support-02,ad3-support,判断に迷う案件を一緒に整理できる,판단이 어려운 안건을 함께 정리할 수 있다,2,practice,2026-08-15
ad3-support-03,ad3-support,新しく入ったメンバーに業務を説明できる,새로 들어온 멤버에게 업무를 설명할 수 있다,3,practice,2026-08-15
ad3-support-04,ad3-support,メンバーの疑問を手順書へ反映できる,멤버의 의문을 절차서에 반영할 수 있다,4,practice,2026-08-15
ad3-support-05,ad3-support,関係部署との窓口として調整できる,관계 부서와의 창구로서 조정할 수 있다,5,practice,2026-08-15
ad3-support-06,ad3-support,チーム内の情報共有の場を運営できる,팀 내 정보 공유의 장을 운영할 수 있다,6,practice,2026-08-15
ad3-support-07,ad3-support,判断の理由を伝えて次から自分でできるようにできる,판단의 이유를 전달해 다음부터 스스로 할 수 있게 만들 수 있다,7,practice,2026-08-15
ad3-support-08,ad3-support,自分で判断させる場合と引き取る場合の線引きを説明できる,스스로 판단하게 할 경우와 넘겨받을 경우의 경계를 설명할 수 있다,8,knowledge,2026-08-15
ad3-support-09,ad3-support,相談を受けたときに確認する項目を説明できる,상담을 받았을 때 확인할 항목을 설명할 수 있다,9,knowledge,2026-08-15
ad3-support-10,ad3-support,同じ相談が繰り返される原因を説明できる,같은 상담이 반복되는 원인을 설명할 수 있다,10,knowledge,2026-08-15
ad3-knowledge-01,ad3-knowledge,頻出する処理を手順書に落とせる,자주 나오는 처리를 절차서로 옮길 수 있다,1,practice,2026-08-15
ad3-knowledge-02,ad3-knowledge,手順書の誤りや古い記述を更新できる,절차서의 오류·낡은 기술을 갱신할 수 있다,2,practice,2026-08-15
ad3-knowledge-03,ad3-knowledge,チェックリストを作って抜けを防げる,체크리스트를 만들어 누락을 막을 수 있다,3,practice,2026-08-15
ad3-knowledge-04,ad3-knowledge,新しい申請種別の手順を作成できる,새로운 신청 종별의 절차를 작성할 수 있다,4,practice,2026-08-15
ad3-knowledge-05,ad3-knowledge,手順書の内容をメンバーに周知できる,절차서의 내용을 멤버에게 주지시킬 수 있다,5,practice,2026-08-15
ad3-knowledge-06,ad3-knowledge,使われていない手順を見直せる,사용되지 않는 절차를 재검토할 수 있다,6,practice,2026-08-15
ad3-knowledge-07,ad3-knowledge,手順書に書くべき粒度を説明できる,절차서에 써야 할 입도를 설명할 수 있다,7,knowledge,2026-08-15
ad3-knowledge-08,ad3-knowledge,チェックリスト化してよい作業の条件を説明できる,체크리스트화해도 되는 작업의 조건을 설명할 수 있다,8,knowledge,2026-08-15
dw1-spec-01,dw1-spec|dm1-spec,テスト仕様書に書かれる項目（前提条件・手順・期待結果）を挙げられる,테스트 사양서에 기재되는 항목(전제 조건·순서·기대 결과)을 열거할 수 있다,1,knowledge,2026-08-18
dw1-spec-02,dw1-spec|dm1-spec,単体テスト・結合テスト・システムテストの違いを説明できる,단위 테스트·결합 테스트·시스템 테스트의 차이를 설명할 수 있다,2,knowledge,2026-08-18
dw1-spec-03,dw1-spec|dm1-spec,期待結果が正常系か異常系かを見分けられる,기대 결과가 정상계인지 이상계인지 구분할 수 있다,3,knowledge,2026-08-18
dw1-spec-04,dw1-spec|dm1-spec,テストを始める前に確認すべきこと（対象環境・データ・版）を挙げられる,테스트를 시작하기 전에 확인해야 할 것(대상 환경·데이터·버전)을 열거할 수 있다,4,knowledge,2026-08-18
dw1-spec-05,dw1-spec|dm1-spec,テスト仕様書を読んで自分が担当する範囲を把握できる,테스트 사양서를 읽고 자신이 담당하는 범위를 파악할 수 있다,5,practice,2026-08-18
dw1-spec-06,dw1-spec|dm1-spec,確認項目ごとに何をどう操作するか整理できる,확인 항목별로 무엇을 어떻게 조작할지 정리할 수 있다,6,practice,2026-08-18
dw1-spec-07,dw1-spec|dm1-spec,テストに必要なテストデータを準備できる,테스트에 필요한 테스트 데이터를 준비할 수 있다,7,practice,2026-08-18
dw1-spec-08,dw1-spec|dm1-spec,テストに必要な環境（アカウント・端末・接続先）を用意できる,테스트에 필요한 환경(계정·단말·접속처)을 마련할 수 있다,8,practice,2026-08-18
dw1-spec-09,dw1-spec|dm1-spec,仕様書の記載が曖昧な箇所を質問して確認できる,사양서의 기재가 모호한 부분을 질문해 확인할 수 있다,9,practice,2026-08-18
dw1-spec-10,dw1-spec|dm1-spec,担当分のテストにかかる時間を見積もって伝えられる,담당분 테스트에 걸리는 시간을 산정해 전달할 수 있다,10,practice,2026-08-18
dw1-exec-01,dw1-exec|dm1-exec,単体テストで確認する範囲を説明できる,단위 테스트에서 확인하는 범위를 설명할 수 있다,1,knowledge,2026-08-18
dw1-exec-02,dw1-exec|dm1-exec,結合テスト・システムテストで確認する範囲を説明できる,결합 테스트·시스템 테스트에서 확인하는 범위를 설명할 수 있다,2,knowledge,2026-08-18
dw1-exec-03,dw1-exec|dm1-exec,テスト仕様書の手順どおりに操作できる,테스트 사양서의 순서대로 조작할 수 있다,3,practice,2026-08-18
dw1-exec-04,dw1-exec|dm1-exec,手順を飛ばさず順番どおりに実施できる,순서를 건너뛰지 않고 차례대로 실시할 수 있다,4,practice,2026-08-18
dw1-exec-05,dw1-exec|dm1-exec,実施済みの確認項目と未実施の項目を区別して管理できる,실시한 확인 항목과 미실시 항목을 구별해 관리할 수 있다,5,practice,2026-08-18
dw1-exec-06,dw1-exec|dm1-exec,期待結果と実際の結果を照合して合否を判定できる,기대 결과와 실제 결과를 대조해 합부를 판정할 수 있다,6,practice,2026-08-18
dw1-exec-07,dw1-exec|dm1-exec,画面の表示・遷移が期待どおりか確認できる,화면의 표시·전환이 기대대로인지 확인할 수 있다,7,practice,2026-08-18
dw1-exec-08,dw1-exec|dm1-exec,入力チェック（必須・桁数・形式）が期待どおりか確認できる,입력 체크(필수·자릿수·형식)가 기대대로인지 확인할 수 있다,8,practice,2026-08-18
dw1-exec-09,dw1-exec|dm1-exec,異常系（エラー時の挙動）を仕様書どおりに確認できる,이상계(오류 시 동작)를 사양서대로 확인할 수 있다,9,practice,2026-08-18
dw1-exec-10,dw1-exec|dm1-exec,手順と実際の画面が違うとき、作業を止めて確認できる,순서와 실제 화면이 다를 때 작업을 멈추고 확인할 수 있다,10,practice,2026-08-18
dw1-exec-11,dw1-exec|dm1-exec,決められた期限内に担当分のテストを完了できる,정해진 기한 내에 담당분 테스트를 완료할 수 있다,11,practice,2026-08-18
dw1-defect-01,dw1-defect|dm1-defect,不具合報告に必要な情報（手順・環境・期待結果・実際の結果）を挙げられる,결함 보고에 필요한 정보(순서·환경·기대 결과·실제 결과)를 열거할 수 있다,1,knowledge,2026-08-18
dw1-defect-02,dw1-defect|dm1-defect,再現すると言えるために必要な条件を説明できる,재현된다고 말하기 위해 필요한 조건을 설명할 수 있다,2,knowledge,2026-08-18
dw1-defect-03,dw1-defect|dm1-defect,不具合と仕様どおりの挙動を見分ける観点を説明できる,결함과 사양대로의 동작을 구분하는 관점을 설명할 수 있다,3,knowledge,2026-08-18
dw1-defect-04,dw1-defect|dm1-defect,期待結果と違う挙動に気づける,기대 결과와 다른 동작을 알아챌 수 있다,4,practice,2026-08-18
dw1-defect-05,dw1-defect|dm1-defect,発生した操作手順を省略せずに書き出せる,발생한 조작 순서를 생략하지 않고 적어낼 수 있다,5,practice,2026-08-18
dw1-defect-06,dw1-defect|dm1-defect,同じ手順をたどって現象が再現するか確認できる,같은 순서를 따라가 현상이 재현되는지 확인할 수 있다,6,practice,2026-08-18
dw1-defect-07,dw1-defect|dm1-defect,発生した環境（端末・OS・ブラウザ・アプリ版）を記録できる,발생한 환경(단말·OS·브라우저·앱 버전)을 기록할 수 있다,7,practice,2026-08-18
dw1-defect-08,dw1-defect|dm1-defect,エラーメッセージや画面表示をそのまま記録できる,오류 메시지와 화면 표시를 그대로 기록할 수 있다,8,practice,2026-08-18
dw1-defect-09,dw1-defect|dm1-defect,再現しない場合に条件を変えて試せる,재현되지 않을 경우 조건을 바꿔 시도할 수 있다,9,practice,2026-08-18
dw1-defect-10,dw1-defect|dm1-defect,仕様の解釈で迷う点を確認してから起票できる,사양 해석으로 헷갈리는 점을 확인한 뒤 티켓을 등록할 수 있다,10,practice,2026-08-18
dw1-report-01,dw1-report|dm1-report,第三者が読んで再現できる記録に必要な要素を挙げられる,제3자가 읽고 재현할 수 있는 기록에 필요한 요소를 열거할 수 있다,1,knowledge,2026-08-18
dw1-report-02,dw1-report|dm1-report,事実と推測を書き分ける必要がある理由を説明できる,사실과 추측을 구분해 써야 하는 이유를 설명할 수 있다,2,knowledge,2026-08-18
dw1-report-03,dw1-report|dm1-report,すぐ報告すべき事象（テストが進められない状態）を挙げられる,즉시 보고해야 할 사안(테스트를 진행할 수 없는 상태)을 열거할 수 있다,3,knowledge,2026-08-18
dw1-report-04,dw1-report|dm1-report,確認項目ごとに合否を決められた形式で記録できる,확인 항목별 합부를 정해진 형식으로 기록할 수 있다,4,practice,2026-08-18
dw1-report-05,dw1-report|dm1-report,不具合を管理ツール（チケット）へ起票できる,결함을 관리 도구(티켓)에 등록할 수 있다,5,practice,2026-08-18
dw1-report-06,dw1-report|dm1-report,起票時に再現手順・環境・期待結果・実際の結果を書ける,등록 시 재현 순서·환경·기대 결과·실제 결과를 쓸 수 있다,6,practice,2026-08-18
dw1-report-07,dw1-report|dm1-report,画面の証跡（スクリーンショット・ログ）を残せる,화면의 증적(스크린샷·로그)을 남길 수 있다,7,practice,2026-08-18
dw1-report-08,dw1-report|dm1-report,担当分の進捗（実施済み・残り・不具合件数）を報告できる,담당분 진척(실시분·잔여·결함 건수)을 보고할 수 있다,8,practice,2026-08-18
dw1-report-09,dw1-report|dm1-report,事実と推測を区別して書ける,사실과 추측을 구별해 쓸 수 있다,9,practice,2026-08-18
dw1-report-10,dw1-report|dm1-report,テストが進められない状態をすぐ報告できる,테스트를 진행할 수 없는 상태를 즉시 보고할 수 있다,10,practice,2026-08-18
dw1-retest-01,dw1-retest|dm1-retest,再テストで確認すべき範囲（修正箇所と周辺）を説明できる,재테스트에서 확인해야 할 범위(수정 부분과 주변)를 설명할 수 있다,1,knowledge,2026-08-18
dw1-retest-02,dw1-retest|dm1-retest,修正によって別の箇所が壊れることがある理由を説明できる,수정으로 인해 다른 부분이 깨질 수 있는 이유를 설명할 수 있다,2,knowledge,2026-08-18
dw1-retest-03,dw1-retest|dm1-retest,再テストで直ったと判断できる条件を説明できる,재테스트에서 고쳐졌다고 판단할 수 있는 조건을 설명할 수 있다,3,knowledge,2026-08-18
dw1-retest-04,dw1-retest|dm1-retest,修正内容を確認して再テストの対象を決められる,수정 내용을 확인해 재테스트 대상을 정할 수 있다,4,practice,2026-08-18
dw1-retest-05,dw1-retest|dm1-retest,元の再現手順をたどって現象が解消したか確認できる,원래의 재현 순서를 따라가 현상이 해소되었는지 확인할 수 있다,5,practice,2026-08-18
dw1-retest-06,dw1-retest|dm1-retest,修正の影響が及ぶ周辺の画面・機能も確認できる,수정의 영향이 미치는 주변 화면·기능도 확인할 수 있다,6,practice,2026-08-18
dw1-retest-07,dw1-retest|dm1-retest,再テストの結果をチケットに記録できる,재테스트 결과를 티켓에 기록할 수 있다,7,practice,2026-08-18
dw1-retest-08,dw1-retest|dm1-retest,直っていない場合に、どこまで直ったかを書き分けて差し戻せる,고쳐지지 않은 경우 어디까지 고쳐졌는지 구분해 써서 반송할 수 있다,8,practice,2026-08-18
dw1-retest-09,dw1-retest|dm1-retest,再テストが必要な項目を漏らさず管理できる,재테스트가 필요한 항목을 빠뜨리지 않고 관리할 수 있다,9,practice,2026-08-18
dw1-tools-01,dw1-tools|dm1-tools,バージョン管理（Git）が何のためにあるか説明できる,버전 관리(Git)가 무엇을 위한 것인지 설명할 수 있다,1,knowledge,2026-08-18
dw1-tools-02,dw1-tools|dm1-tools,課題管理ツールのチケットの状態（未着手・対応中・確認待ち・完了）を説明できる,과제 관리 도구의 티켓 상태(미착수·대응 중·확인 대기·완료)를 설명할 수 있다,2,knowledge,2026-08-18
dw1-tools-03,dw1-tools|dm1-tools,開発環境・検証環境・本番環境の違いを説明できる,개발 환경·검증 환경·본번 환경의 차이를 설명할 수 있다,3,knowledge,2026-08-18
dw1-tools-04,dw1-tools|dm1-tools,ブラウザの開発者ツールで何が見られるか説明できる,브라우저 개발자 도구로 무엇을 볼 수 있는지 설명할 수 있다,4,knowledge,2026-08-18
dw1-tools-05,dw1-tools|dm1-tools,指示された手順で開発環境を自分の端末に用意できる,지시된 순서로 개발 환경을 자신의 단말에 마련할 수 있다,5,practice,2026-08-18
dw1-tools-06,dw1-tools|dm1-tools,リポジトリを取得して指定されたブランチに切り替えられる,리포지토리를 받아 지정된 브랜치로 전환할 수 있다,6,practice,2026-08-18
dw1-tools-07,dw1-tools|dm1-tools,課題管理ツールで自分のチケットを探して状態を更新できる,과제 관리 도구에서 자신의 티켓을 찾아 상태를 갱신할 수 있다,7,practice,2026-08-18
dw1-tools-08,dw1-tools|dm1-tools,ブラウザの開発者ツールでエラー表示を確認できる,브라우저 개발자 도구에서 오류 표시를 확인할 수 있다,8,practice,2026-08-18
dw1-tools-09,dw1-tools|dm1-tools,端末・ブラウザ・アプリの版を確認して伝えられる,단말·브라우저·앱의 버전을 확인해 전달할 수 있다,9,practice,2026-08-18
dw1-tools-10,dw1-tools|dm1-tools,決められた手順でアプリを起動して動作確認できる,정해진 순서로 앱을 실행해 동작을 확인할 수 있다,10,practice,2026-08-18
dw1-tools-11,dw1-tools|dm1-tools,分からない操作を調べたうえで質問できる,모르는 조작을 찾아본 뒤에 질문할 수 있다,11,practice,2026-08-18
dw1-readspec-01,dw1-readspec|dm1-readspec,要件定義書・基本設計書・詳細設計書の役割の違いを説明できる,요건정의서·기본설계서·상세설계서의 역할 차이를 설명할 수 있다,1,knowledge,2026-08-18
dw1-readspec-02,dw1-readspec|dm1-readspec,画面設計書に書かれる内容（項目・入力条件・遷移）を挙げられる,화면설계서에 기재되는 내용(항목·입력 조건·전환)을 열거할 수 있다,2,knowledge,2026-08-18
dw1-readspec-03,dw1-readspec|dm1-readspec,正常系・異常系・例外処理の違いを説明できる,정상계·이상계·예외 처리의 차이를 설명할 수 있다,3,knowledge,2026-08-18
dw1-readspec-04,dw1-readspec|dm1-readspec,設計書に版（バージョン）がある理由を説明できる,설계서에 판(버전)이 있는 이유를 설명할 수 있다,4,knowledge,2026-08-18
dw1-readspec-05,dw1-readspec|dm1-readspec,設計書から自分の担当範囲を特定できる,설계서에서 자신의 담당 범위를 특정할 수 있다,5,practice,2026-08-18
dw1-readspec-06,dw1-readspec|dm1-readspec,画面項目とその入力条件を設計書から読み取れる,화면 항목과 그 입력 조건을 설계서에서 읽어낼 수 있다,6,practice,2026-08-18
dw1-readspec-07,dw1-readspec|dm1-readspec,画面遷移の流れを設計書から追える,화면 전환의 흐름을 설계서에서 따라갈 수 있다,7,practice,2026-08-18
dw1-readspec-08,dw1-readspec|dm1-readspec,設計書に書かれていないこと（未定・記載漏れ）に気づける,설계서에 적혀 있지 않은 것(미정·기재 누락)을 알아챌 수 있다,8,practice,2026-08-18
dw1-readspec-09,dw1-readspec|dm1-readspec,設計書の最新版を確認してから作業できる,설계서의 최신판을 확인한 뒤 작업할 수 있다,9,practice,2026-08-18
dw1-readspec-10,dw1-readspec|dm1-readspec,読み取った内容を自分の言葉で説明して認識合わせできる,읽어낸 내용을 자신의 말로 설명해 인식을 맞출 수 있다,10,practice,2026-08-18
dw1-basics-01,dw1-basics|dm1-basics,ブラウザとサーバーの間でやりとりが行われる流れを説明できる,브라우저와 서버 사이에서 통신이 이루어지는 흐름을 설명할 수 있다,1,knowledge,2026-08-18
dw1-basics-02,dw1-basics|dm1-basics,HTTP のリクエストとレスポンスの関係を説明できる,HTTP의 요청과 응답의 관계를 설명할 수 있다,2,knowledge,2026-08-18
dw1-basics-03,dw1-basics|dm1-basics,クライアント側の処理とサーバー側の処理の違いを説明できる,클라이언트 측 처리와 서버 측 처리의 차이를 설명할 수 있다,3,knowledge,2026-08-18
dw1-basics-04,dw1-basics|dm1-basics,API が何をするものか説明できる,API가 무엇을 하는 것인지 설명할 수 있다,4,knowledge,2026-08-18
dw1-basics-05,dw1-basics|dm1-basics,データベースが表（テーブル）でデータを管理する仕組みを説明できる,데이터베이스가 표(테이블)로 데이터를 관리하는 구조를 설명할 수 있다,5,knowledge,2026-08-18
dw1-basics-06,dw1-basics|dm1-basics,SQL で何ができるか説明できる,SQL로 무엇을 할 수 있는지 설명할 수 있다,6,knowledge,2026-08-18
dw1-basics-07,dw1-basics|dm1-basics,プログラムの基本構造（順次・分岐・繰り返し）を説明できる,프로그램의 기본 구조(순차·분기·반복)를 설명할 수 있다,7,knowledge,2026-08-18
dw1-basics-08,dw1-basics|dm1-basics,変数と型の違いを説明できる,변수와 형의 차이를 설명할 수 있다,8,knowledge,2026-08-18
dw1-basics-09,dw1-basics|dm1-basics,処理を関数に分けて書く理由を説明できる,처리를 함수로 나눠 쓰는 이유를 설명할 수 있다,9,knowledge,2026-08-18
dw1-basics-10,dw1-basics|dm1-basics,ソースコードとビルド後の成果物の違いを説明できる,소스 코드와 빌드 후 산출물의 차이를 설명할 수 있다,10,knowledge,2026-08-18
dw1-basics-11,dw1-basics|dm1-basics,文字コードや改行コードの違いで不具合が起きることを説明できる,문자 코드나 개행 코드의 차이로 결함이 생기는 것을 설명할 수 있다,11,knowledge,2026-08-18
dw1-basics-12,dw1-basics|dm1-basics,担当システムがどの言語・どの仕組みで作られているか調べて説明できる,담당 시스템이 어떤 언어·어떤 구조로 만들어졌는지 조사해 설명할 수 있다,12,practice,2026-08-18
dw1-basics-13,dw1-basics|dm1-basics,ログを見て、いつ・どの処理で問題が起きたか読み取れる,로그를 보고 언제·어느 처리에서 문제가 생겼는지 읽어낼 수 있다,13,practice,2026-08-18
dw1-security-01,dw1-security|dm1-security,本番データを検証にそのまま使ってはいけない理由を説明できる,본번 데이터를 검증에 그대로 사용해서는 안 되는 이유를 설명할 수 있다,1,knowledge,2026-08-18
dw1-security-02,dw1-security|dm1-security,個人情報にあたるものを挙げられる,개인정보에 해당하는 것을 열거할 수 있다,2,knowledge,2026-08-18
dw1-security-03,dw1-security|dm1-security,ソースコードや設計書を社外に出せない理由を説明できる,소스 코드나 설계서를 사외로 낼 수 없는 이유를 설명할 수 있다,3,knowledge,2026-08-18
dw1-security-04,dw1-security|dm1-security,パスワードや接続情報をソースコードに書いてはいけない理由を説明できる,비밀번호나 접속 정보를 소스 코드에 써서는 안 되는 이유를 설명할 수 있다,4,knowledge,2026-08-18
dw1-security-05,dw1-security|dm1-security,不具合の記録に載せてはいけない情報を挙げられる,결함 기록에 실어서는 안 되는 정보를 열거할 수 있다,5,knowledge,2026-08-18
dw1-security-06,dw1-security|dm1-security,テストデータから個人情報を除いて扱える,테스트 데이터에서 개인정보를 제외해 다룰 수 있다,6,practice,2026-08-18
dw1-security-07,dw1-security|dm1-security,作業に必要な範囲だけの権限で作業できる,작업에 필요한 범위만의 권한으로 작업할 수 있다,7,practice,2026-08-18
dw1-security-08,dw1-security|dm1-security,スクリーンショットを残すとき、見せてはいけない情報を隠せる,스크린샷을 남길 때 보여서는 안 되는 정보를 가릴 수 있다,8,practice,2026-08-18
dw1-security-09,dw1-security|dm1-security,資料やデータを決められた保存場所に置ける,자료나 데이터를 정해진 보관 장소에 둘 수 있다,9,practice,2026-08-18
dw1-security-10,dw1-security|dm1-security,情報の取り扱いに迷ったときに確認できる,정보 취급에 헷갈릴 때 확인할 수 있다,10,practice,2026-08-18
dw1-site-01,dw1-site|dm1-site,開発の工程（要件定義・設計・実装・テスト・リリース）の流れを説明できる,개발 공정(요건정의·설계·구현·테스트·릴리스)의 흐름을 설명할 수 있다,1,knowledge,2026-08-18
dw1-site-02,dw1-site|dm1-site,自分の担当工程が前後の工程とどうつながるか説明できる,자신의 담당 공정이 앞뒤 공정과 어떻게 이어지는지 설명할 수 있다,2,knowledge,2026-08-18
dw1-site-03,dw1-site|dm1-site,案件に関わる役割（PM・PL・SE・PG・テスター）の違いを説明できる,안건에 관여하는 역할(PM·PL·SE·PG·테스터)의 차이를 설명할 수 있다,3,knowledge,2026-08-18
dw1-site-04,dw1-site|dm1-site,お客様と自社の間の窓口が誰か説明できる,고객과 자사 사이의 창구가 누구인지 설명할 수 있다,4,knowledge,2026-08-18
dw1-site-05,dw1-site|dm1-site,リリースまでに何が必要か説明できる,릴리스까지 무엇이 필요한지 설명할 수 있다,5,knowledge,2026-08-18
dw1-site-06,dw1-site|dm1-site,自分の担当範囲と担当外の範囲を区別できる,자신의 담당 범위와 담당 외 범위를 구별할 수 있다,6,practice,2026-08-18
dw1-site-07,dw1-site|dm1-site,判断できないことを誰に確認すべきか分かる,판단할 수 없는 것을 누구에게 확인해야 하는지 안다,7,practice,2026-08-18
dw1-site-08,dw1-site|dm1-site,決められた時刻までに進捗を報告できる,정해진 시각까지 진척을 보고할 수 있다,8,practice,2026-08-18
dw1-site-09,dw1-site|dm1-site,予定より遅れそうなときに早めに相談できる,예정보다 늦어질 것 같을 때 미리 상담할 수 있다,9,practice,2026-08-18
dw1-site-10,dw1-site|dm1-site,会議で決まったことを自分の作業に落とし込める,회의에서 정해진 것을 자신의 작업에 반영할 수 있다,10,practice,2026-08-18
dw2-target-01,dw2-target|dm2-target,改修依頼に必要な情報（現象・対象画面・期待する状態）を挙げられる,개수 의뢰에 필요한 정보(현상·대상 화면·기대하는 상태)를 열거할 수 있다,1,knowledge,2026-08-18
dw2-target-02,dw2-target|dm2-target,改修の影響がどこまで及ぶかを考える観点を説明できる,개수의 영향이 어디까지 미치는지 생각하는 관점을 설명할 수 있다,2,knowledge,2026-08-18
dw2-target-03,dw2-target|dm2-target,仕様変更と不具合修正の違いを説明できる,사양 변경과 결함 수정의 차이를 설명할 수 있다,3,knowledge,2026-08-18
dw2-target-04,dw2-target|dm2-target,改修依頼から修正対象の画面と処理を特定できる,개수 의뢰에서 수정 대상 화면과 처리를 특정할 수 있다,4,practice,2026-08-18
dw2-target-05,dw2-target|dm2-target,対象のソースコードの場所を見つけられる,대상 소스 코드의 위치를 찾을 수 있다,5,practice,2026-08-18
dw2-target-06,dw2-target|dm2-target,現状の挙動を実際に動かして確認できる,현재 동작을 실제로 실행해 확인할 수 있다,6,practice,2026-08-18
dw2-target-07,dw2-target|dm2-target,修正前の状態を記録しておける,수정 전 상태를 기록해 둘 수 있다,7,practice,2026-08-18
dw2-target-08,dw2-target|dm2-target,改修範囲に含めないことを切り分けて確認できる,개수 범위에 포함하지 않을 것을 구분해 확인할 수 있다,8,practice,2026-08-18
dw2-target-09,dw2-target|dm2-target,影響が及ぶ他の画面・機能を洗い出せる,영향이 미치는 다른 화면·기능을 찾아낼 수 있다,9,practice,2026-08-18
dw2-target-10,dw2-target|dm2-target,見積りに必要な作業項目を挙げられる,견적에 필요한 작업 항목을 열거할 수 있다,10,practice,2026-08-18
dw2-ui-01,dw2-ui|dm2-ui,画面の表示崩れが起きる主な原因を挙げられる,화면 표시가 깨지는 주요 원인을 열거할 수 있다,1,knowledge,2026-08-18
dw2-ui-02,dw2-ui|dm2-ui,表示を直すときに他の画面へ影響が出る場合を説明できる,표시를 고칠 때 다른 화면에 영향이 나는 경우를 설명할 수 있다,2,knowledge,2026-08-18
dw2-ui-03,dw2-ui|dm2-ui,表示崩れの原因になっている箇所を特定できる,표시가 깨지는 원인이 되는 부분을 특정할 수 있다,3,practice,2026-08-18
dw2-ui-04,dw2-ui|dm2-ui,文字・色・余白などの表示を指定どおりに直せる,문자·색·여백 등의 표시를 지정대로 고칠 수 있다,4,practice,2026-08-18
dw2-ui-05,dw2-ui|dm2-ui,項目の並びや配置を指定どおりに直せる,항목의 배열이나 배치를 지정대로 고칠 수 있다,5,practice,2026-08-18
dw2-ui-06,dw2-ui|dm2-ui,表示条件（権限・状態による出し分け）を直せる,표시 조건(권한·상태에 따른 분기 표시)을 고칠 수 있다,6,practice,2026-08-18
dw2-ui-07,dw2-ui|dm2-ui,修正後の画面を指定された表示条件で確認できる,수정 후 화면을 지정된 표시 조건에서 확인할 수 있다,7,practice,2026-08-18
dw2-ui-08,dw2-ui|dm2-ui,画面幅の違い（PC・スマートフォン）による崩れを確認できる,화면 폭의 차이(PC·스마트폰)로 인한 깨짐을 확인할 수 있다,8,practice,2026-08-18
dw2-ui-09,dw2-ui|dm2-ui,共通で使われている部分を直すとき、影響範囲を確認してから直せる,공통으로 쓰이는 부분을 고칠 때 영향 범위를 확인한 뒤 고칠 수 있다,9,practice,2026-08-18
dw2-doc-01,dw2-doc|dm2-doc,設計書を直さないと後の工程で何が起きるか説明できる,설계서를 고치지 않으면 이후 공정에서 무슨 일이 생기는지 설명할 수 있다,1,knowledge,2026-08-18
dw2-doc-02,dw2-doc|dm2-doc,改修時に更新が必要になる設計書の種類を挙げられる,개수 시 갱신이 필요한 설계서의 종류를 열거할 수 있다,2,knowledge,2026-08-18
dw2-doc-03,dw2-doc|dm2-doc,設計書の版と改訂履歴の書き方を説明できる,설계서의 판과 개정 이력의 기재 방법을 설명할 수 있다,3,knowledge,2026-08-18
dw2-doc-04,dw2-doc|dm2-doc,改修内容に合わせて該当箇所の設計書を修正できる,개수 내용에 맞춰 해당 부분의 설계서를 수정할 수 있다,4,practice,2026-08-18
dw2-doc-05,dw2-doc|dm2-doc,修正した箇所を改訂履歴に残せる,수정한 부분을 개정 이력에 남길 수 있다,5,practice,2026-08-18
dw2-doc-06,dw2-doc|dm2-doc,設計書とソースコードの内容が合っているか確認できる,설계서와 소스 코드의 내용이 일치하는지 확인할 수 있다,6,practice,2026-08-18
dw2-doc-07,dw2-doc|dm2-doc,設計書の更新漏れに気づいて直せる,설계서의 갱신 누락을 알아채고 고칠 수 있다,7,practice,2026-08-18
dw2-doc-08,dw2-doc|dm2-doc,設計書を決められた場所に決められた版で保存できる,설계서를 정해진 장소에 정해진 판으로 보관할 수 있다,8,practice,2026-08-18
dw2-verify-01,dw2-verify|dm2-verify,改修が既存の機能を壊すことがある理由を説明できる,개수가 기존 기능을 깨뜨릴 수 있는 이유를 설명할 수 있다,1,knowledge,2026-08-18
dw2-verify-02,dw2-verify|dm2-verify,確認範囲を決めるときの観点（共通処理・呼び出し元）を説明できる,확인 범위를 정할 때의 관점(공통 처리·호출처)을 설명할 수 있다,2,knowledge,2026-08-18
dw2-verify-03,dw2-verify|dm2-verify,直した箇所以外も確認する必要がある理由を説明できる,고친 부분 외에도 확인해야 하는 이유를 설명할 수 있다,3,knowledge,2026-08-18
dw2-verify-04,dw2-verify|dm2-verify,修正箇所から影響が及ぶ範囲を洗い出せる,수정 부분에서 영향이 미치는 범위를 찾아낼 수 있다,4,practice,2026-08-18
dw2-verify-05,dw2-verify|dm2-verify,修正前と修正後で挙動を比べられる,수정 전과 수정 후의 동작을 비교할 수 있다,5,practice,2026-08-18
dw2-verify-06,dw2-verify|dm2-verify,修正していない機能が壊れていないか確認できる,수정하지 않은 기능이 깨지지 않았는지 확인할 수 있다,6,practice,2026-08-18
dw2-verify-07,dw2-verify|dm2-verify,既存のテスト仕様書を使って確認できる,기존 테스트 사양서를 사용해 확인할 수 있다,7,practice,2026-08-18
dw2-verify-08,dw2-verify|dm2-verify,確認した範囲と確認していない範囲を説明できる,확인한 범위와 확인하지 않은 범위를 설명할 수 있다,8,practice,2026-08-18
dw2-verify-09,dw2-verify|dm2-verify,確認結果を記録して報告できる,확인 결과를 기록해 보고할 수 있다,9,practice,2026-08-18
dw2-verify-10,dw2-verify|dm2-verify,影響が読み切れないときに相談できる,영향을 다 읽어낼 수 없을 때 상담할 수 있다,10,practice,2026-08-18
dw2-vcs-01,dw2-vcs|dm2-vcs,ブランチを分けて作業する理由を説明できる,브랜치를 나눠 작업하는 이유를 설명할 수 있다,1,knowledge,2026-08-18
dw2-vcs-02,dw2-vcs|dm2-vcs,コミットを分ける単位の考え方を説明できる,커밋을 나누는 단위의 사고방식을 설명할 수 있다,2,knowledge,2026-08-18
dw2-vcs-03,dw2-vcs|dm2-vcs,レビューが必要な理由を説明できる,리뷰가 필요한 이유를 설명할 수 있다,3,knowledge,2026-08-18
dw2-vcs-04,dw2-vcs|dm2-vcs,決められた命名規則でブランチを作れる,정해진 명명 규칙으로 브랜치를 만들 수 있다,4,practice,2026-08-18
dw2-vcs-05,dw2-vcs|dm2-vcs,修正内容が分かるコミットメッセージを書ける,수정 내용을 알 수 있는 커밋 메시지를 쓸 수 있다,5,practice,2026-08-18
dw2-vcs-06,dw2-vcs|dm2-vcs,修正した差分を自分で見直してから提出できる,수정한 차분을 스스로 재검토한 뒤 제출할 수 있다,6,practice,2026-08-18
dw2-vcs-07,dw2-vcs|dm2-vcs,レビュー依頼に必要な情報（対象・目的・確認方法）を書ける,리뷰 의뢰에 필요한 정보(대상·목적·확인 방법)를 쓸 수 있다,7,practice,2026-08-18
dw2-vcs-08,dw2-vcs|dm2-vcs,レビューの指摘内容を理解して修正できる,리뷰 지적 내용을 이해해 수정할 수 있다,8,practice,2026-08-18
dw2-vcs-09,dw2-vcs|dm2-vcs,指摘に対して直した内容を説明できる,지적에 대해 고친 내용을 설명할 수 있다,9,practice,2026-08-18
dw2-vcs-10,dw2-vcs|dm2-vcs,指摘の意図が分からないときに確認できる,지적의 의도를 모를 때 확인할 수 있다,10,practice,2026-08-18
dw3-read-01,dw3-read|dm3-read,詳細設計書に書かれる粒度（処理単位・入出力・条件）を説明できる,상세설계서에 기재되는 입도(처리 단위·입출력·조건)를 설명할 수 있다,1,knowledge,2026-08-18
dw3-read-02,dw3-read|dm3-read,設計書の記載漏れに気づくための観点を挙げられる,설계서의 기재 누락을 알아채기 위한 관점을 열거할 수 있다,2,knowledge,2026-08-18
dw3-read-03,dw3-read|dm3-read,詳細設計書から実装すべき処理を洗い出せる,상세설계서에서 구현해야 할 처리를 찾아낼 수 있다,3,practice,2026-08-18
dw3-read-04,dw3-read|dm3-read,処理の入力と出力を整理できる,처리의 입력과 출력을 정리할 수 있다,4,practice,2026-08-18
dw3-read-05,dw3-read|dm3-read,実装の順序を決められる,구현 순서를 정할 수 있다,5,practice,2026-08-18
dw3-read-06,dw3-read|dm3-read,既存のコードのどこに手を入れるか決められる,기존 코드의 어디에 손을 댈지 정할 수 있다,6,practice,2026-08-18
dw3-read-07,dw3-read|dm3-read,設計書の疑問点を実装前に確認できる,설계서의 의문점을 구현 전에 확인할 수 있다,7,practice,2026-08-18
dw3-read-08,dw3-read|dm3-read,担当分の実装にかかる時間を見積もって伝えられる,담당분 구현에 걸리는 시간을 산정해 전달할 수 있다,8,practice,2026-08-18
dw3-read-09,dw3-read|dm3-read,実装範囲に含めないことを確認できる,구현 범위에 포함하지 않을 것을 확인할 수 있다,9,practice,2026-08-18
dw3-ui-01,dw3-ui|dm3-ui,画面の表示と処理を分けて書く理由を説明できる,화면의 표시와 처리를 나눠 쓰는 이유를 설명할 수 있다,1,knowledge,2026-08-18
dw3-ui-02,dw3-ui|dm3-ui,共通部品を使う理由を説明できる,공통 부품을 사용하는 이유를 설명할 수 있다,2,knowledge,2026-08-18
dw3-ui-03,dw3-ui|dm3-ui,設計書どおりに画面の項目を実装できる,설계서대로 화면 항목을 구현할 수 있다,3,practice,2026-08-18
dw3-ui-04,dw3-ui|dm3-ui,設計書どおりに入力チェックを実装できる,설계서대로 입력 체크를 구현할 수 있다,4,practice,2026-08-18
dw3-ui-05,dw3-ui|dm3-ui,設計書どおりに画面の状態による表示の出し分けを実装できる,설계서대로 화면 상태에 따른 표시 분기를 구현할 수 있다,5,practice,2026-08-18
dw3-ui-06,dw3-ui|dm3-ui,既存の共通部品を使って実装できる,기존 공통 부품을 사용해 구현할 수 있다,6,practice,2026-08-18
dw3-ui-07,dw3-ui|dm3-ui,エラー時の表示を設計書どおりに実装できる,오류 시의 표시를 설계서대로 구현할 수 있다,7,practice,2026-08-18
dw3-ui-08,dw3-ui|dm3-ui,実装した画面が設計書どおりか自分で確認できる,구현한 화면이 설계서대로인지 스스로 확인할 수 있다,8,practice,2026-08-18
dw3-ui-09,dw3-ui|dm3-ui,設計書に書かれていない挙動を勝手に決めずに確認できる,설계서에 적혀 있지 않은 동작을 임의로 정하지 않고 확인할 수 있다,9,practice,2026-08-18
dw3-unittest-01,dw3-unittest|dm3-unittest,実装した処理をどの単位に分けてテストするか説明できる,구현한 처리를 어떤 단위로 나눠 테스트할지 설명할 수 있다,1,knowledge,2026-08-18
dw3-unittest-02,dw3-unittest|dm3-unittest,確認すべき値の観点（正常値・境界値・異常値）を挙げられる,확인해야 할 값의 관점(정상값·경계값·이상값)을 열거할 수 있다,2,knowledge,2026-08-18
dw3-unittest-03,dw3-unittest|dm3-unittest,自分のコードを自分でテストする限界を説明できる,자신의 코드를 스스로 테스트하는 것의 한계를 설명할 수 있다,3,knowledge,2026-08-18
dw3-unittest-04,dw3-unittest|dm3-unittest,実装した処理の確認項目を自分で洗い出せる,구현한 처리의 확인 항목을 스스로 찾아낼 수 있다,4,practice,2026-08-18
dw3-unittest-05,dw3-unittest|dm3-unittest,正常系の動作を確認できる,정상계 동작을 확인할 수 있다,5,practice,2026-08-18
dw3-unittest-06,dw3-unittest|dm3-unittest,異常系（入力誤り・データなし）の動作を確認できる,이상계(입력 오류·데이터 없음) 동작을 확인할 수 있다,6,practice,2026-08-18
dw3-unittest-07,dw3-unittest|dm3-unittest,境界となる値で動作を確認できる,경계가 되는 값에서 동작을 확인할 수 있다,7,practice,2026-08-18
dw3-unittest-08,dw3-unittest|dm3-unittest,単体テストの結果を記録できる,단위 테스트 결과를 기록할 수 있다,8,practice,2026-08-18
dw3-unittest-09,dw3-unittest|dm3-unittest,単体テストで見つけた問題を自分で直せる,단위 테스트에서 발견한 문제를 스스로 고칠 수 있다,9,practice,2026-08-18
dw3-quality-01,dw3-quality|dm3-quality,既存のコードの書き方に合わせる理由を説明できる,기존 코드의 작성 방식에 맞추는 이유를 설명할 수 있다,1,knowledge,2026-08-18
dw3-quality-02,dw3-quality|dm3-quality,同じ処理を複数箇所に書くと何が起きるか説明できる,같은 처리를 여러 곳에 쓰면 무슨 일이 생기는지 설명할 수 있다,2,knowledge,2026-08-18
dw3-quality-03,dw3-quality|dm3-quality,コメントに書くべきこと（なぜそうしたか）を説明できる,주석에 써야 할 것(왜 그렇게 했는지)을 설명할 수 있다,3,knowledge,2026-08-18
dw3-quality-04,dw3-quality|dm3-quality,既存の命名や書き方に合わせて実装できる,기존의 명명과 작성 방식에 맞춰 구현할 수 있다,4,practice,2026-08-18
dw3-quality-05,dw3-quality|dm3-quality,同じ処理を共通化できる,같은 처리를 공통화할 수 있다,5,practice,2026-08-18
dw3-quality-06,dw3-quality|dm3-quality,後から読む人に必要なコメントを残せる,나중에 읽는 사람에게 필요한 주석을 남길 수 있다,6,practice,2026-08-18
dw3-quality-07,dw3-quality|dm3-quality,提出前に自分の差分を見直せる,제출 전에 자신의 차분을 재검토할 수 있다,7,practice,2026-08-18
dw3-quality-08,dw3-quality|dm3-quality,レビューの指摘を理解して直せる,리뷰 지적을 이해해 고칠 수 있다,8,practice,2026-08-18
dw3-quality-09,dw3-quality|dm3-quality,指摘された内容を次の実装で繰り返さないようにできる,지적받은 내용을 다음 구현에서 반복하지 않도록 할 수 있다,9,practice,2026-08-18
dw3-debug-01,dw3-debug|dm3-debug,不具合の原因を絞り込む手順を説明できる,결함의 원인을 좁혀 나가는 순서를 설명할 수 있다,1,knowledge,2026-08-18
dw3-debug-02,dw3-debug|dm3-debug,ログとエラーメッセージから何が分かるか説明できる,로그와 오류 메시지에서 무엇을 알 수 있는지 설명할 수 있다,2,knowledge,2026-08-18
dw3-debug-03,dw3-debug|dm3-debug,現象を再現させられる,현상을 재현시킬 수 있다,3,practice,2026-08-18
dw3-debug-04,dw3-debug|dm3-debug,ログやエラーメッセージから発生箇所を絞り込める,로그와 오류 메시지에서 발생 부분을 좁힐 수 있다,4,practice,2026-08-18
dw3-debug-05,dw3-debug|dm3-debug,開発者ツールやデバッガで処理の流れを追える,개발자 도구나 디버거로 처리의 흐름을 따라갈 수 있다,5,practice,2026-08-18
dw3-debug-06,dw3-debug|dm3-debug,原因が自分の実装か既存の仕様かを切り分けられる,원인이 자신의 구현인지 기존 사양인지 구분할 수 있다,6,practice,2026-08-18
dw3-debug-07,dw3-debug|dm3-debug,原因を特定してから直せる,원인을 특정한 뒤에 고칠 수 있다,7,practice,2026-08-18
dw3-debug-08,dw3-debug|dm3-debug,直したあとに同じ手順で再現しないことを確認できる,고친 뒤에 같은 순서로 재현되지 않는 것을 확인할 수 있다,8,practice,2026-08-18
dw3-debug-09,dw3-debug|dm3-debug,自分で解決できないと判断して相談できる,스스로 해결할 수 없다고 판단해 상담할 수 있다,9,practice,2026-08-18
dw2-data-01,dw2-data,API のリクエストとレスポンスの対応を説明できる,API의 요청과 응답의 대응을 설명할 수 있다,1,knowledge,2026-08-18
dw2-data-02,dw2-data,SQL を直すときに件数や性能に影響が出る場合を説明できる,SQL을 고칠 때 건수나 성능에 영향이 나는 경우를 설명할 수 있다,2,knowledge,2026-08-18
dw2-data-03,dw2-data,本番のデータを直接変更してはいけない理由を説明できる,본번 데이터를 직접 변경해서는 안 되는 이유를 설명할 수 있다,3,knowledge,2026-08-18
dw2-data-04,dw2-data,対象の API がどこから呼ばれているか追える,대상 API가 어디에서 호출되는지 추적할 수 있다,4,practice,2026-08-18
dw2-data-05,dw2-data,レスポンスに含める項目の追加・変更を指示どおりに実装できる,응답에 포함할 항목의 추가·변경을 지시대로 구현할 수 있다,5,practice,2026-08-18
dw2-data-06,dw2-data,取得条件（絞り込み・並び順）を指示どおりに修正できる,취득 조건(필터·정렬 순서)을 지시대로 수정할 수 있다,6,practice,2026-08-18
dw2-data-07,dw2-data,修正した SQL の実行結果を件数と内容で確認できる,수정한 SQL의 실행 결과를 건수와 내용으로 확인할 수 있다,7,practice,2026-08-18
dw2-data-08,dw2-data,API の変更が呼び出し側に与える影響を確認できる,API 변경이 호출 측에 주는 영향을 확인할 수 있다,8,practice,2026-08-18
dw2-data-09,dw2-data,検証環境のデータで動作確認できる,검증 환경의 데이터로 동작을 확인할 수 있다,9,practice,2026-08-18
dm2-data-01,dm2-data,通信が失敗する場合にアプリが取るべき挙動を説明できる,통신이 실패하는 경우 앱이 취해야 할 동작을 설명할 수 있다,1,knowledge,2026-08-18
dm2-data-02,dm2-data,端末内にデータを保存する仕組み（ローカルDB・設定値）を説明できる,단말 내에 데이터를 저장하는 구조(로컬DB·설정값)를 설명할 수 있다,2,knowledge,2026-08-18
dm2-data-03,dm2-data,端末に残ったデータが原因で不具合が起きることを説明できる,단말에 남은 데이터가 원인이 되어 결함이 생기는 것을 설명할 수 있다,3,knowledge,2026-08-18
dm2-data-04,dm2-data,対象の API 呼び出し箇所を追える,대상 API 호출 부분을 추적할 수 있다,4,practice,2026-08-18
dm2-data-05,dm2-data,送信・受信する項目の追加・変更を指示どおりに実装できる,송신·수신하는 항목의 추가·변경을 지시대로 구현할 수 있다,5,practice,2026-08-18
dm2-data-06,dm2-data,端末内に保存する項目の追加・変更を指示どおりに実装できる,단말 내에 저장하는 항목의 추가·변경을 지시대로 구현할 수 있다,6,practice,2026-08-18
dm2-data-07,dm2-data,通信エラー時の表示や再試行の挙動を確認できる,통신 오류 시의 표시나 재시도 동작을 확인할 수 있다,7,practice,2026-08-18
dm2-data-08,dm2-data,アプリを再起動しても保存内容が保たれるか確認できる,앱을 재시작해도 저장 내용이 유지되는지 확인할 수 있다,8,practice,2026-08-18
dm2-data-09,dm2-data,端末のデータを初期化した状態で動作確認できる,단말의 데이터를 초기화한 상태에서 동작을 확인할 수 있다,9,practice,2026-08-18
dw2-logic-01,dw2-logic,条件分岐を直すときに漏れやすい観点（境界値・未入力）を挙げられる,조건 분기를 고칠 때 놓치기 쉬운 관점(경계값·미입력)을 열거할 수 있다,1,knowledge,2026-08-18
dw2-logic-02,dw2-logic,画面の文言がどこで管理されているか説明できる,화면의 문구가 어디에서 관리되는지 설명할 수 있다,2,knowledge,2026-08-18
dw2-logic-03,dw2-logic,修正対象の条件分岐を読み取れる,수정 대상 조건 분기를 읽어낼 수 있다,3,practice,2026-08-18
dw2-logic-04,dw2-logic|dm2-logic,入力チェックの条件を指示どおりに修正できる,입력 체크 조건을 지시대로 수정할 수 있다,4,practice,2026-08-18
dw2-logic-05,dw2-logic,条件の追加・変更を指示どおりに実装できる,조건의 추가·변경을 지시대로 구현할 수 있다,5,practice,2026-08-18
dw2-logic-06,dw2-logic,画面やメッセージの文言を指定どおりに修正できる,화면과 메시지의 문구를 지정대로 수정할 수 있다,6,practice,2026-08-18
dw2-logic-07,dw2-logic,修正前後で挙動が変わらない条件も確認できる,수정 전후로 동작이 바뀌지 않는 조건도 확인할 수 있다,7,practice,2026-08-18
dw2-logic-08,dw2-logic,修正した条件をすべて通るように動作確認できる,수정한 조건을 모두 지나가도록 동작을 확인할 수 있다,8,practice,2026-08-18
dw2-logic-09,dw2-logic|dm2-logic,直した箇所と直していない箇所を説明できる,고친 부분과 고치지 않은 부분을 설명할 수 있다,9,practice,2026-08-18
dm2-logic-01,dm2-logic,入力制御（必須・桁数・形式）を直すときに漏れやすい観点を挙げられる,입력 제어(필수·자릿수·형식)를 고칠 때 놓치기 쉬운 관점을 열거할 수 있다,1,knowledge,2026-08-18
dm2-logic-02,dm2-logic,画面遷移を直すときに戻る操作で起きやすい問題を説明できる,화면 전환을 고칠 때 뒤로 가기 조작에서 생기기 쉬운 문제를 설명할 수 있다,2,knowledge,2026-08-18
dm2-logic-03,dm2-logic,修正対象の入力制御を読み取れる,수정 대상 입력 제어를 읽어낼 수 있다,3,practice,2026-08-18
dm2-logic-05,dm2-logic,キーボードの種類や入力補助の設定を指定どおりに直せる,키보드 종류나 입력 보조 설정을 지정대로 고칠 수 있다,5,practice,2026-08-18
dm2-logic-06,dm2-logic,画面遷移の順序や遷移先を指示どおりに修正できる,화면 전환의 순서나 전환처를 지시대로 수정할 수 있다,6,practice,2026-08-18
dm2-logic-07,dm2-logic,戻る操作や端末の戻るボタンでの挙動を確認できる,뒤로 가기 조작이나 단말의 뒤로 버튼에서의 동작을 확인할 수 있다,7,practice,2026-08-18
dm2-logic-08,dm2-logic,修正した遷移をすべてたどって動作確認できる,수정한 전환을 모두 따라가 동작을 확인할 수 있다,8,practice,2026-08-18
dw3-core-01,dw3-core,リクエストを受けてから応答を返すまでの処理の流れを説明できる,요청을 받고 응답을 돌려주기까지의 처리 흐름을 설명할 수 있다,1,knowledge,2026-08-18
dw3-core-02,dw3-core,トランザクションが必要になる場面を説明できる,트랜잭션이 필요해지는 상황을 설명할 수 있다,2,knowledge,2026-08-18
dw3-core-03,dw3-core,入力値をそのまま SQL に渡してはいけない理由を説明できる,입력값을 그대로 SQL에 넘겨서는 안 되는 이유를 설명할 수 있다,3,knowledge,2026-08-18
dw3-core-04,dw3-core,設計書どおりに API の入出力を実装できる,설계서대로 API의 입출력을 구현할 수 있다,4,practice,2026-08-18
dw3-core-05,dw3-core,設計書どおりにサーバー側の処理を実装できる,설계서대로 서버 측 처리를 구현할 수 있다,5,practice,2026-08-18
dw3-core-06,dw3-core,設計書どおりにデータの登録・更新・削除を実装できる,설계서대로 데이터의 등록·갱신·삭제를 구현할 수 있다,6,practice,2026-08-18
dw3-core-07,dw3-core,設計書どおりにデータの取得条件を実装できる,설계서대로 데이터의 취득 조건을 구현할 수 있다,7,practice,2026-08-18
dw3-core-08,dw3-core,例外が起きたときの処理を設計書どおりに実装できる,예외가 발생했을 때의 처리를 설계서대로 구현할 수 있다,8,practice,2026-08-18
dw3-core-09,dw3-core,処理の記録（ログ）を決められた形式で出せる,처리의 기록(로그)을 정해진 형식으로 출력할 수 있다,9,practice,2026-08-18
dw3-core-10,dw3-core,実装した処理を検証環境のデータで確認できる,구현한 처리를 검증 환경의 데이터로 확인할 수 있다,10,practice,2026-08-18
dm3-core-01,dm3-core,画面の状態を保持する必要がある場面を説明できる,화면의 상태를 유지해야 하는 상황을 설명할 수 있다,1,knowledge,2026-08-18
dm3-core-02,dm3-core,通信を待つあいだの画面の扱いを説明できる,통신을 기다리는 동안의 화면 처리를 설명할 수 있다,2,knowledge,2026-08-18
dm3-core-03,dm3-core,端末内に保存してよい情報とよくない情報を説明できる,단말 내에 저장해도 되는 정보와 안 되는 정보를 설명할 수 있다,3,knowledge,2026-08-18
dm3-core-04,dm3-core,設計書どおりに画面遷移を実装できる,설계서대로 화면 전환을 구현할 수 있다,4,practice,2026-08-18
dm3-core-05,dm3-core,設計書どおりに入力制御を実装できる,설계서대로 입력 제어를 구현할 수 있다,5,practice,2026-08-18
dm3-core-06,dm3-core,設計書どおりに API 呼び出しと受け取ったデータの反映を実装できる,설계서대로 API 호출과 받은 데이터의 반영을 구현할 수 있다,6,practice,2026-08-18
dm3-core-07,dm3-core,設計書どおりに端末内へのデータ保存・読み出しを実装できる,설계서대로 단말 내 데이터 저장·읽기를 구현할 수 있다,7,practice,2026-08-18
dm3-core-08,dm3-core,通信エラー時の処理を設計書どおりに実装できる,통신 오류 시의 처리를 설계서대로 구현할 수 있다,8,practice,2026-08-18
dm3-core-09,dm3-core,画面を離れて戻ったときの状態を設計書どおりに実装できる,화면을 떠나 돌아왔을 때의 상태를 설계서대로 구현할 수 있다,9,practice,2026-08-18
dm3-core-10,dm3-core,実装した機能を実機で確認できる,구현한 기능을 실기에서 확인할 수 있다,10,practice,2026-08-18
